"Y","T","X1","X2","X3","X4","X5"
1.74083124199261,-0.747173710126062,-0.742096692352177,0.828138641392274,0.640827611082134,0.635400485867953,-0.660199812163697
0.560909355408494,0.362740459388772,-0.586522140326143,0.655727126155698,0.851578762420417,-1.97280263394222,0.167183947980734
1.1466315138727,0.125055264314895,-0.000388368943925455,0.455240684269968,0.606297541565078,1.6885845195989,1.19433450802347
-0.336367148141129,0.229976800808255,0.963435482728072,0.700148697934452,0.413642358388854,0.107458880616107,0.77497855233222
0.432356899479061,1.37173092018397,1.46820645963382,1.57090374615657,2.04712690430897,1.01090618378495,1.5672008791474
0.777295718996607,-1.48442264434113,-2.18938491224309,-1.99414741168553,-1.62589869969225,-2.0894342252317,-1.29388146989487
0.754490312149304,-1.71183062488376,-0.13761574185249,0.558577483378562,0.149854104756462,-0.0142067009479507,-0.559151545532578
1.89252396039686,-0.712997109008344,-1.90234653113938,0.644169833373597,-1.29931731461903,-1.28638323332375,-0.256399299115891
0.823414280549326,0.524287149177449,1.46865613859957,0.511871261797125,0.915902274731902,1.06402859185162,1.43816302174291
0.664920234379257,-1.04800060950335,0.765275594312862,0.262171477253747,-0.203425294384791,-0.0458845458635086,-0.355085307497488
0.89997140512912,0.361508842635,-1.11457557718888,-1.73074011310335,-1.51361823882598,-2.0020182089793,-1.46109752620647
1.86477275684586,0.342875220871436,0.243574041355746,1.26838016804733,1.87369459686802,1.08598549139125,2.22837699019444
0.847751285671682,-0.380512662407756,-0.142535226717122,0.589961287130484,0.256976218964082,0.262100165550636,0.178640829428996
0.0792383529154636,-2.20307141378454,-1.31116176205961,1.28123564682568,0.726191334540642,0.395820796803086,-0.748459794271169
2.74153959839032,-0.913713182965475,-1.4450146325716,-1.77017857808435,-1.82645698372801,-1.25527463371261,-0.170169988632469
0.033757438816218,-0.0955841103031422,0.953744721051206,0.177401780546753,-0.268108019188039,0.0995219162809948,-0.14238216652699
1.01671762907462,1.02078448303365,0.980060634082569,0.184759121243614,0.0974494780210417,0.312416033478363,1.13392527456744
3.17830185858586,0.198836851788333,-0.842099559164741,0.35602935528857,0.667373915351228,0.291266051549134,0.98449182028341
1.41053383781565,0.81072585986201,0.037502453383647,-0.256197282720494,0.32628776796003,-1.05547258100189,1.02307723660932
0.336453259956695,-0.801547397853436,-1.06197057061082,-1.96599341888514,-2.19818808049984,-2.86187472989779,-2.01053690827365
1.59621476344184,0.783743941324495,0.971004307472787,1.24602084522418,0.641080502215976,0.107262370705684,0.855364145328505
1.67158852292566,-0.109330664587169,-0.867681608543542,0.0423566073944928,-0.059017505849603,-0.889508254553007,0.973910606607944
1.84778593588175,-0.790396441935381,-0.956965373152899,-0.320832459793833,-1.18146617421586,0.728288305191734,1.10465637219601
-0.799119772379122,-1.25468846005874,0.0619578766810535,0.384908239260241,-0.303772682680737,0.273125808427632,1.44066680921289
0.936246926191517,-0.633373049782949,-1.95071512932919,-1.09982005800098,1.26753285070268,-0.391149581184907,-0.133470135576186
1.59962005038254,0.12622100180286,1.24142291785045,1.24239154433117,1.12456965436283,0.20380565220599,2.0274636944501
2.30772620883371,-0.947348932720899,-0.26367502028533,0.539012807259867,-0.40698020086141,0.355099080251666,-0.167076198525143
0.739901198107591,0.371515147519223,1.05793854708573,-0.305036570603725,-0.310200537531499,-0.011113890497872,-1.17788279986218
1.0096828204558,-0.565729512617941,-0.0530264755993037,1.47701392738803,1.64181669859391,1.2158252203466,0.121736003950011
1.25593682191427,0.927442521957735,0.81595248261352,0.0370720074061219,1.01783413339443,0.494137817156726,0.557636099849142
-0.0856521740851311,-0.525318920067657,-1.54134939753629,-0.89637452663601,-0.544029556377386,-1.13423001892968,-1.17001571437299
0.523903097322493,-0.672085680093799,-0.27375862903653,0.121015142120137,0.316791848434173,0.0983057470291366,1.19574821791273
1.17318534349995,-0.409696184911201,0.334698678883911,0.682149494943741,0.719186704750351,1.54697724116917,-0.29402283525308
2.11691504865727,0.316998834824382,1.22888211222323,-0.345676671930429,-0.070133485761652,1.19638854811764,-0.0460354977098325
2.07185554610514,-0.779049303905742,-0.752072604922858,-0.419151847409806,-1.48070032376212,-0.592861133580317,-1.61418702374565
2.1440550131879,0.290969759213728,0.294220048622115,0.217124623166091,0.371544304506511,0.192809089149129,1.80980480515514
2.85238502821203,-0.183111173333583,0.0628730921585541,-0.776112926839429,-0.0137494095542195,0.280159112910367,0.314246390725784
1.82867537812866,2.2077446195811,1.32296555896645,0.176799284360274,1.89989474831565,1.56114074988673,-0.269201857794503
1.92710302896853,0.395804780262993,0.0290297923379786,-0.162186583619288,-1.12235572034016,-0.605652701474498,-0.287821447666839
1.8547384858316,-0.0155825188718068,-0.414513928520391,-1.25630666869862,-0.539349580988213,0.42147164079595,1.20370026512118
1.87524928059699,-0.379660478973805,-0.462989370105471,1.67844786731256,-0.153808411613509,-0.130150624210597,0.495812494140287
-0.600734609195026,1.22445130057993,3.0240588810804,1.78495790166816,1.82429302386894,1.57442059655768,-0.0658430549747536
0.996639053376399,-0.895017947567059,1.46699578643076,3.3432002256494,1.77848643364486,0.628910981274805,1.07512369737254
0.189824825719382,0.48551193532634,1.81731103093774,-0.511538114321201,1.1304646837268,1.06954670055576,0.982748785839921
2.48219293268528,1.88978813404982,1.73590702666823,0.0555986090620345,1.31415461483955,1.29296315142332,1.4162186014164
1.56661626561025,0.339113763978457,-0.247881219047086,-0.339283198527003,0.0382979044566604,0.20915018464831,-0.931948701583049
2.04769229628458,0.795101200737674,0.915425780284118,-0.23011960389937,0.755990218453749,-0.507154230868176,-0.611418986367687
0.702175350189156,-0.659390761279764,0.315486843988451,0.0883442259153216,-0.654501115507148,1.91543138471913,1.12855989587924
1.64872039883614,0.416041759139787,0.0335475958537552,-0.182602810346452,0.552048097690095,2.23349894883235,0.806657960083379
-0.485582294348382,-0.860279873625658,-1.43064789997697,-2.43470084494539,-1.27145470947268,-1.69430870419511,-1.89525292306039
1.3556279301841,0.722685343331757,0.416718286113463,0.73827124465958,2.15521653006108,-0.804659918180583,0.584809932045098
1.48877154819895,-0.293700832392136,-0.940468265932543,0.0757637477061811,-2.03858927593703,-0.863824234898052,0.819711009713298
1.04706134622281,0.963982698780661,0.896058141667291,-1.00585472581007,-1.04157572306988,-0.823191744251913,0.224577073168005
2.61891710576275,0.901811973813444,0.548384324126742,0.678306074348463,0.246048086307395,0.812579794222138,-0.0288982185910347
0.400015411075171,0.200164438903134,0.626226780576769,0.0318607519894687,0.0393967298555836,1.4913938277297,1.1394226441673
2.51315156320882,0.341720019865189,0.363637872880791,0.66167853922665,1.41731300583475,0.837329540166068,0.805771920501379
1.00142706531131,-0.335034436071523,-0.496107079573266,0.196608308275781,0.141680744852136,0.605151243536304,-1.74238360158513
1.85462686954554,0.120095547569232,-0.121178581133335,-1.99653207099432,-2.12084078663584,-1.51428759303241,-2.33499107552475
0.564960528377239,0.828808321767016,0.0742282866131471,-0.191348406064984,-0.153263993187775,0.680813122401468,0.349467992223695
0.445360817212867,-0.253431752747193,-0.720443240878333,-0.907692562922468,-0.780782519124466,-0.534608946926645,-1.25893043006735
-0.169611327553139,0.0792503359336188,-1.04620547962857,-2.80956049858136,-1.46250688462731,-1.58803296798094,-0.388524494291689
1.0272488238698,0.0371083621003374,0.808983755661079,0.0797018598435151,0.155944116677954,-0.424911969174714,0.0912609042853031
1.41812165344889,-0.136995536625965,-0.298259898185604,0.488723273808595,0.213728702920104,0.181110208462077,0.0676189060205191
1.94595756731531,0.409220084256731,0.0526576177564454,0.130726410964767,0.34772250866285,-0.320619598430555,0.21226657676448
-0.485722007565862,-0.229905868500767,-0.218261989396096,0.627403392357947,0.402118239864325,-0.852415775441777,-1.14433165194874
0.401361149166012,-1.10852333461333,-1.82439730451242,-0.956832693590609,-1.01682929115307,-0.77851006807722,-1.70923329142727
-0.179775785486601,0.312194802192614,0.0231986251449417,0.31677556016369,0.891000803947413,-0.703200259136754,0.590096381697046
0.856456735881801,-1.89891207963422,-1.95824638189585,-1.73509815376937,-2.73994414105485,-0.410352077115013,-0.716664602898318
0.43971048686519,0.0680294997834558,0.984457935475327,0.56374240317367,-0.157510979561599,0.213040946259014,1.93357432338647
1.09198710783146,-1.5405068433148,-0.857760097191038,-1.12331731415491,-1.86040227015588,0.177897713289611,-1.34571373775935
0.788464673264534,1.76104203799542,1.33459823988432,1.60505930619117,0.735011104273695,1.41496955466691,1.36676072924347
2.0140829920548,1.0604137578026,0.0953881922936879,-0.582858391202441,0.664566539673521,0.0585283057835306,-0.480172115627312
1.35387511587826,1.09348590858999,1.13544790404911,-1.28462090331905,0.318397596046274,0.479490444197724,0.385552632567275
0.253474210390786,1.07085059714798,-0.0591368535618934,-0.836432772495389,1.43081215489975,0.203373195395058,0.343899411818565
1.79226238474616,-1.54431003725421,-0.880833370212103,0.0463099594903121,-2.06862735605833,0.382167142575555,-0.288490693045813
0.345173444828122,-0.271582829102396,-1.03300902472706,0.0190958729049038,-0.731504425154209,-0.766451315972978,-0.334287275670353
-0.102251720041646,-0.360696108062563,-0.157552351227278,-0.157302826106006,0.280189316083979,-0.615120454375292,0.272112828526577
-0.194794647205722,0.827785525189892,0.146580284248906,0.754489222560377,0.373048909290084,-0.298433838028883,0.522336569394248
1.29670066604121,0.35358303622786,1.12280171447506,0.632607781994343,1.47590526544028,2.6266459495655,1.77807697924845
2.26367539217576,0.841536548559471,1.65620534256252,1.13335203892401,0.0548701008755914,1.07565578382362,0.666610655177597
1.95108690822478,0.487088639763815,1.10480888389218,-0.463254427539627,0.648980353406165,0.0719491415607561,0.171807844155991
-0.0182186231830925,0.696262410394307,-0.00270234903871163,-0.928942339451193,0.557327624490613,0.396310849374677,0.163680441184872
-0.059314053627042,-1.33506204405425,-1.74339044140381,-3.05152502250913,-1.25713951846019,-0.52445056716293,-1.02431361999634
1.18698780521108,0.620335343417986,-1.69600208389263,-0.917983388190398,0.478992946924265,-1.86400775781539,-1.26078932342332
-0.358595821615513,-0.241483998451208,-0.271882118673046,0.584956586889077,-0.372006293761046,1.1461130776952,-0.741665028548648
0.730647413809101,-0.921637241395748,-0.449738709089338,-0.742872607378327,-1.43867946044242,-0.337615992140344,-2.42761111727047
0.900881596138678,0.338424455665321,0.609235083524924,0.699152557589409,1.09460174855095,0.60625995173176,-0.133036934375926
1.86649132900945,0.0749531571949886,0.486545625126344,-0.19386572018444,-0.435776971673006,0.149934760277603,0.169784386322652
1.44514653513691,-1.2446481117678,-0.874271553487055,0.293560401398,-0.62038284024312,-0.0177550948357363,-0.0854625098541258
0.977067307957196,0.213858593618417,-0.493682865066772,-1.45852131601642,-1.14840815121965,-2.27390862759446,-1.00553393575754
0.61859965680716,0.341436136871734,-0.852081144423572,-0.986624646033781,0.87481345917288,-0.422881311605222,-0.522831922419337
0.120726071364114,0.00860887212030247,-0.291534517440579,0.852963631332364,0.688422646199706,-0.40660091305093,1.15791362705979
1.31477872908831,-0.717145537890318,-0.203976343058291,0.635808591847954,-0.411680266449342,0.801713900215945,0.232600887872681
1.41568652419326,0.818290121919647,2.76097884012492,2.35425024747778,1.59762808691522,2.38789766324681,2.52886764300049
2.11792406354998,-0.353564764758145,0.287796128984305,0.574512044018726,-0.538734730220225,2.64034444152078,0.664989465117482
0.766226371674191,0.339361960235375,-0.517408626371146,-1.91020843629241,-0.433579507432138,-1.4784314428419,-0.696667107703752
-0.425185952946287,0.941182940385976,1.74803445268345,0.215213650489542,-0.0520246555729454,0.53820537507706,-0.318590445751925
-0.329040476227773,-0.673979997585785,0.110740912045555,-0.825245971765916,-1.4084095348816,0.232557849918339,-0.100537614049172
0.930978858617792,0.0471800884641908,-0.419231740870616,-0.579488387581337,1.11379945454077,-0.10535439443754,-1.12444491239757
1.96034267822207,-0.335650216767672,-1.29813850909765,-0.525866967666583,-0.177199929309808,0.0113591680648869,-0.775017089013763
0.798696512237642,-0.39611188569309,-0.159222111675224,-1.01005948219956,0.308111960826223,0.182920819686016,0.269408398092875
0.732828726239514,-0.0146250086393395,1.11723460964304,0.809957498484798,1.63507180964122,0.859002833054894,-0.215585381675008
0.661951713929382,-0.221662128888931,-1.54025143136743,-1.0977045205186,-0.421195361641338,-0.209259381614369,0.510506740905045
1.4169404520326,-0.170248543946457,-0.667640286231366,-1.57293463984948,-1.06848512219194,-0.372482910842617,-0.0669895042977234
3.93649031566235,-0.284100655095026,-1.49947668546444,1.63505831027592,0.289510443004431,1.01444157281277,-0.165407811686718
0.826079866845872,0.0447103945894677,-1.72399289952822,-2.05014257196598,-0.668002978500689,-1.25354009573518,-1.59918591232904
1.7415635266225,-0.338466899476676,-1.68011559904874,-1.52958634303322,-0.694271146970512,0.171180237974218,0.0736420085608686
1.71538697302322,0.478824004090668,0.868691153743069,0.733209688672294,0.657357779148333,0.647958031445677,0.114391528603223
1.3547023034589,-0.114432022304672,-0.315018204273894,-0.207761424234261,-0.196051289039271,-0.800252189223542,0.393801490761073
0.696528818233431,-1.05719759707423,-1.15523928017196,1.0138950364536,-0.767304034966484,-1.15365391874317,-0.387359507817096
2.49403118941008,0.551446668663291,-0.68299813403277,-0.188315969628606,-0.145500305093721,-1.55695257299927,0.302829050982597
0.146426357976693,-0.64667898853117,-0.430278346814742,0.538185956185653,-1.12158742090653,0.0980668678112619,-0.71603859297289
-0.125626730878712,0.959567902159017,1.11518521066985,-1.06601819141127,0.0985665487055358,-0.497843617876759,-0.379733804112391
0.141100829366728,-2.14675836916057,-1.19535613451759,-1.15469235997311,-1.60353551220269,0.812768184444843,-2.50640980445252
0.630279939144962,-0.0241018939770683,-0.00286698711961339,-0.456068856774483,-0.128607617552274,0.0537018677354985,-0.863206495164353
1.81655845306507,-0.753965729358252,-1.54362540260931,-0.273018660805849,-1.0733977600967,-0.559339607908227,-0.741040714421923
0.729836316129898,1.57008297968904,1.0084304035918,0.37708528099043,0.938113125851923,0.105101012981071,0.203501797934971
1.71028389887889,0.393413214496854,-0.135393825096877,0.409319103945672,-0.522931949036918,-0.241318881245562,0.149051765457682
1.24055765650852,0.541768534835155,0.272060726942677,-1.69449943943223,-0.786351614069604,1.55004426339286,0.277962807238587
0.687336803139256,-0.807708384485406,-1.47313344412512,-1.38968444356725,-1.09463580582566,-1.13058188820462,-0.203512665955462
0.874743208248093,-0.637424408585383,-0.341871883058653,-0.0558064997949878,-0.105337339388754,0.129128402317681,1.70867466005221
-0.334381541641688,0.116244055816808,0.522639157899587,0.520495662474371,0.965564174040749,0.977523496802473,0.459848814003618
1.55032561954674,-0.168111002809359,-0.902464363763136,-1.45036119446632,-0.978134918656037,-1.71123816493524,-1.31254166303655
2.62290856200335,-1.34928078727244,-1.04417063651434,-0.882005182306524,-2.55463344478898,-0.108892573526552,0.866659968922021
0.34204063021865,1.35128877607743,2.35402737676355,-0.0834107243713313,0.707919435421042,-0.303795251663598,-0.254467793658371
1.07524931319694,1.12762822556968,1.2621822851988,0.192558876490974,1.34077010341667,0.265090503139332,0.753919304909305
0.91719263026952,-0.0519019232568986,0.383333926251727,-0.787664973854414,0.828995925167324,1.20462909313874,-0.424881727417154
-0.0784993845470554,-0.397053918072618,0.987810594823839,-0.382381848307274,-0.11829342345442,0.628957269111538,0.70609014556998
-0.0479897565736069,-0.377383639167443,-0.22714314245297,-0.616386016703298,0.219761179358191,0.321304540172049,-0.423902228954264
0.0246087515933118,1.49750066813751,1.29959033479771,1.60293938506647,2.41941240219976,0.91122185353311,1.39413872825535
-0.659580541315924,0.216825154374871,-0.4837217985151,1.09768855383179,1.86334838569928,0.156531943631404,0.561210695782088
1.84497133584627,-0.226750115844897,-0.824688516340295,0.619444383066637,0.301595285816469,-1.1404032709156,-0.190291478496476
1.36190757562481,-0.217440257309894,-1.19775114027217,-1.30326027031927,-0.917220317298814,-0.516936947260786,-1.16510278439363
1.01015203992699,0.139427503142351,-1.12327012133347,-0.393892703860072,0.380605044769112,0.0202993259387079,0.857282716634384
-0.602371438890843,0.607950257897693,1.176197837964,1.28827206057971,1.00333016577149,-0.122833274648573,0.550300607693282
1.73734494656175,0.443653054240327,-0.189291615789925,-0.210082418024106,0.337212216889024,0.325410432380509,0.578383670054328
-0.528756679260393,0.194341443975496,0.986364751987859,-0.267663109197135,-0.811583776520056,-0.351180205115273,0.342616778258387
2.52734969168547,0.0926831131039467,-0.198432530433413,1.97551117583256,0.782152570621455,0.517879860048912,0.602319659390662
0.256505738710592,-0.0191949834232196,0.39506920764856,-0.790137386420241,-0.299904462863396,-0.410395459471884,0.0169573171426326
-0.170676930652296,-0.684593085732945,-2.41897589957398,-1.04830010600347,-0.0396263835017513,-3.27853500875761,0.200149536811518
2.02595591226623,0.855399509596538,-0.382140867184379,-0.700934919073847,0.0366365168017192,0.793964402781441,0.284187523509131
2.32202103051032,1.71657462154369,0.321743224599887,-1.15923656410972,0.89901254474994,0.323891966045333,1.21078238469437
-0.36755024234598,0.256461224684718,-1.99725171979202,-1.04295238123434,1.50912585769902,-0.80149385161836,-1.10488734896202
1.92844392732123,-0.632389852456944,-0.455105659428378,0.499383501097061,-0.0974270239782377,-0.270486810100719,-0.579826836572242
3.39798602604246,-0.738841114522004,-1.0725850820419,0.950787654034294,-0.270756909630458,0.421988082214154,-0.799668875612006
-0.415094589267987,-1.05799881954203,-1.84973035729833,-1.49553564084185,-2.30851817909521,-2.07627706453961,-2.07391631807952
-0.313594146643345,-1.55265535733707,-0.751078917925994,-1.13238503685358,-1.57628475735234,-1.21149521532604,-1.59101028829647
-0.0126074149744109,-0.45901019345562,0.377283891931291,-0.837815312466888,-0.626101052769933,0.427394920953574,-1.20993796312569
1.21437809743085,-0.0921981352743776,0.903182675120566,1.36826003588829,-0.113008189623266,0.689276533659597,0.3615410225868
-2.04165307428921,1.1104349462067,-1.33302364896126,-1.00758866451465,-0.165972417429074,-1.86161366395392,-0.229337716447476
0.389144312454407,0.814681308901719,1.8131940454145,0.78282462622353,1.79065006582352,1.14979656931004,0.961816170224035
0.135458799642101,-0.0873667667179186,0.596808322734004,-1.2020864749183,-0.589835484954727,0.397870380368034,1.25874908878919
-0.161589566740184,0.370121949473246,1.16872172662445,0.709854196180204,1.14869872554636,0.708616328337829,0.799179056572482
0.991093431746792,-0.618168840399903,-0.00354255034624739,-0.198192485706486,-0.7729951383157,-0.23641570879798,0.00603732533365706
5.07106895964249,0.872944126327617,0.571781141335372,0.857458653729737,-0.0334383984891582,1.61485258522611,1.46500151419003
0.38903703546138,-0.0733189061487042,-0.166925170574163,-0.615530526711854,-1.16205474456682,0.0445074784933579,-0.942578766135631
0.754843342938068,-0.021869463200127,0.746858900852888,0.864300777842861,-0.175663976822589,0.274216042702442,1.91662641242227
0.807050445088549,0.730537273341133,0.474720299445962,0.368473847434854,-0.0131540762175439,-0.659742166418116,0.30621724298116
0.0462093355506853,-0.807924267079131,-0.0498625661004882,-0.991842238965521,-0.838448818256395,-0.859280641621925,-1.00740066379967
0.76584641885568,1.23629310992826,-0.314980099171951,0.652779940602422,0.0730242975927595,-0.925342523261665,0.524971601850191
-0.00131200934729625,-1.23916226070467,-0.772766552031594,0.246713149192577,-1.52214461660219,0.0828468653842525,-0.358161146387838
1.99327397664752,1.27152943164075,1.99840229178904,1.14167333152092,1.87217217049334,0.637182385686988,1.32639655267563
0.605635100451625,0.628961347836458,0.641468291114002,-0.491124288140825,0.810547066366651,0.0736613746099038,0.353072961325936
1.74844407606052,-0.312511392542637,-1.3539963219961,-1.93528402404883,-1.721017426065,-0.0933077694250015,-1.62222996466829
0.0822155264577573,0.750484854388226,1.7621011069371,0.196556090143334,-0.521801550661523,1.00568603319182,1.06327428377391
1.64564124623962,0.668748280981757,0.421574137345975,1.33488833716235,1.26146938844989,1.63194506952191,1.24683719216653
-1.72249364828965,0.64872409795206,-1.33784061904676,-0.790510831133533,1.29011716036456,-0.960884165599915,-0.558407526054961
1.84465633857028,-0.394336167133286,-0.450820256136643,-0.998166638488989,-0.670137252793258,0.116454819938749,-0.218574027499584
1.29908316720033,-0.0275117564761943,0.198619484849238,1.72399897941437,1.0738663959606,-0.375977284986152,0.205554737308404
2.00957278698558,-0.145534639368896,-0.199396010299334,1.81698208411321,1.53567907755501,2.22303387898615,1.46896563084569
1.48318034527751,-0.241356237347583,-0.132079682152233,0.963371067722708,-0.332130882806102,-0.0522652858027014,0.392490781785069
2.67687880989835,0.0805668770653123,-1.00500482134948,0.171881141822547,0.27222783304727,-0.125432827928596,-0.0881662967476147
0.510080108540469,0.603554477858411,0.6379865763343,0.52528661270538,0.740266622554468,0.649704009410928,1.60185681509346
0.25589858272301,1.55367969277912,1.27518932875718,-0.713911646020297,2.2300918935866,-0.0747980627311781,0.48089487969579
1.77135297337989,0.160844690103962,0.391592567506459,-0.213024925074518,-0.740301777023872,0.356880135744266,-0.255510353927942
1.35212472030687,1.04890580685367,-0.0634679232136934,-1.37381077030013,-1.02929610198292,-0.280703096914845,0.573079837296273
0.745828814295312,-0.0597260982376174,-0.505660936111811,-0.35852327238215,-0.64030430385618,-1.21321215488638,0.411748085581341
0.25183807634635,-1.03742473290528,-1.67471591941016,-0.961306202469941,-0.517846949622857,-0.884020655380871,-1.94203808273253
-0.16468362218918,-0.0769709484980357,-0.530971529574013,-0.762401661106096,0.546906436048721,-2.03333616995191,-0.145887170195942
2.41584885430659,-0.432613305306295,-0.231122045633463,0.541369414734407,-1.50506824806157,0.715211020316109,0.700261600845476
1.40637622635429,-2.55863776396175,-1.12993169228847,0.0759715600368867,-1.23903442728626,-1.85690475143231,-0.650602744308101
-0.211757732618557,-0.961376824289228,-0.659125141826313,1.64247175318276,-0.0205771627187978,-0.595362308357352,-1.08007796632771
-0.0825093257763649,-0.0342422056419232,0.632186234866046,0.190142750314305,0.284973587844386,1.08610216958131,-0.201814131210689
0.914124225313168,-0.106755164062134,1.38322125969022,1.49257305297206,0.0222414685598553,0.135879273381301,0.885777475584784
2.01143536750381,0.528089173100513,0.550797809242829,-0.495580139293064,-0.426295389614567,0.809720653253179,-0.16105707923452
1.60095851871492,-0.516328146273314,0.760678386613814,2.22460128815019,1.60568064625243,2.00898162577272,2.75464148884414
1.09069171298336,0.598330462716457,1.62557845548513,-0.494358704180206,-0.621148439835687,0.831219458547231,0.0293191809381237
1.46791534654565,0.441587885937179,0.72440741820354,-0.539317403023293,-0.109587441523452,0.8348228126308,0.74222127977395
2.29412805323618,-1.1394269008529,0.012825381969772,0.844301463737165,-0.699067486381745,0.35941557437784,-0.0352317897889352
-0.228633729135069,1.59975517939955,-1.25977176635112,-2.16303389243369,-0.110256794579092,-1.40441704827991,-0.431637791093081
1.20181426286747,1.05886319095101,0.947646736913986,0.66051352040641,-0.0394172061384933,-0.390420736954058,0.320060029195102
-0.237830166780076,-0.77120059242925,-1.77758596501672,-1.56975352498431,-0.879016839876694,-0.901272928783412,-1.90810652315367
-0.639210729560314,0.94709529807186,0.147375733578995,-0.976542841554939,-0.499442339430083,-0.637844548110624,-1.01063872064402
-0.243028536633344,1.22762344308525,1.49897914664115,0.339608345057872,0.710753334085904,0.0356823013151789,-1.0371899437794
1.27996457702386,-0.478683904433059,0.0657510596582968,2.12408297344304,-0.330430106779887,0.902245384254504,1.32299745200454
0.0208123247551275,-0.247612839930471,0.628045472999075,0.312591929868502,-0.409008052114306,-0.114312657247019,-0.213207570918791
3.55325005769747,-0.912688773196768,-1.38096384697588,-0.025348436772382,-0.96605475790986,0.0305137237012204,-0.878687778523278
-0.623659867442186,-0.698013353442632,-0.434346284526576,1.07935082471079,-0.317166116915039,-0.0767477789645961,0.354439280195494
-0.213322600336248,1.21941315684499,1.54648311287172,0.991457576284826,0.541712377313792,0.338822169556292,0.875130861161076
1.93534678219734,0.785383976383935,0.726748070663405,-0.432452271150344,-0.134477069985732,0.19874275205787,-0.285241094602611
0.863528869888125,0.355392027180561,1.07520342071077,-0.642672832990768,0.240380789388497,0.7100548556431,0.44826356580751
-0.294244208563296,-1.34433314951701,-0.0647722816548385,1.58401039214411,0.328352199622074,-0.427306807797267,-0.711312989745938
-0.450480993654929,0.29611933608145,0.309444822949971,0.69264659140223,-0.447907458238302,-0.786921829686971,0.476735617012572
-0.925312709624509,-0.687589267639735,-0.334696178376449,0.777424696349198,-0.174447157026964,0.381177859372082,-0.161331082752588
0.307241638295035,0.894120677272085,0.509531269639598,0.857678282008105,-0.991824984505914,-0.722002683893103,0.055941587380145
-0.720678260897492,-1.51076800352868,-2.55592838345727,-2.32319473869052,-1.95047680491066,-1.23260537897791,-2.03880871126035
1.51490537150532,0.0207431026227238,0.464186005366856,-0.524703700348503,-0.607822980861688,-0.87218870775745,0.0838822712842426
1.59989039827065,0.456166148119491,1.12840425953551,1.06119587104984,-0.161122275494475,0.319954121615493,1.47779199529557
2.70121733541082,-0.462599865284331,0.0053490093849306,0.486972509966203,0.243916881071131,1.52517024874748,0.842242350939915
-1.41824290615782,0.657660900877884,1.31058987529844,2.56888144927351,2.2978698831007,1.69705602353977,1.5095128394664
0.866384467290301,0.00276498240878881,-0.779107658022194,-0.681272320633078,-0.541007671989202,-0.028837787567726,1.0574116503129
2.1764924647821,-0.554369279175542,0.48665669570745,-0.319233533093622,-1.41022966144824,-1.28661886074126,-0.556789175840245
0.859939680732127,-0.510470498202886,1.01165793656577,2.18361611102403,-0.341590004329613,0.0681293146503691,-1.01721646759478
1.33423912273439,-1.21961800347403,-0.905081065183266,0.237511361261514,-0.732638394086026,0.51531406076393,-1.03079138720552
1.62866991468304,0.469970877333231,-0.741259888066079,0.00492764283326046,0.186473426047808,0.217451436414502,-0.764854005273652
1.04642938703133,-0.24484212242127,0.836243302254867,0.797820263870281,0.0819274331475965,0.00191952581472415,0.900034301472484
0.786471158037577,-0.961019451567589,-0.224832007875726,0.155678998886407,-0.728983843644055,0.589296626911275,-0.718520179489432
1.9825998210057,0.482500435754734,-0.837263259522278,-1.67696392336989,-0.755532019495997,-0.532792681350404,-0.921513429760763
-1.45973808419243,1.42262120705436,1.11958985950401,-0.423852456534561,0.735979683281816,1.57433800543777,2.11530660820241
1.15463789870217,-0.479934817982355,-0.740276193798354,-0.715239380524998,-0.265427059353237,0.02450075528108,-0.555267497568427
0.53751611126472,-0.889845990937019,-0.976283413005405,0.110949436248344,-0.985623925681212,-1.24111169085634,-0.89372717946842
-1.34596695625688,1.01053562911394,1.27253205495907,0.183534431495734,0.877327060748579,0.5454951573478,0.703548294271252
1.27907539858026,-0.709539554485709,0.250736462968996,0.301079219754384,-1.10722474625022,-0.406122740639665,0.699809817777255
0.287348530536567,-1.18417095632934,-1.13164764404286,-1.07886831220752,-1.254621886843,0.348214330826195,0.528981714523771
1.40531509006689,0.789833973510234,1.0289684071542,1.36078937815375,0.903429124088493,0.453822604108889,0.173571549103008
2.48100645791783,-0.828926041076732,-0.528659442347268,1.11558401281882,0.026816781116925,1.26624001429294,2.03391316823043
-1.54332162698595,0.782899032076197,2.47685483591262,1.82611102944127,1.49381646408049,0.963898149255354,0.379934820095597
1.48694353156949,0.433634175825465,0.602447472183162,1.18995751768741,0.737450709504129,0.42667542277726,1.26694148142981
1.60604883494198,1.30026845852228,1.06620999841468,-0.600652990103989,0.66852606415529,-0.0493365645464854,0.204573972165461
1.99750856297446,-0.544308260125586,-0.191481803150321,-0.143190457909359,-0.504742491977928,0.70965295064706,-0.193666186587776
0.869584569438192,-0.150373389178176,-0.0284415668069418,0.321078049196241,0.702562225148713,0.293509355604036,0.06733567820653
1.71920963854396,-0.747272853418743,-1.01945039818133,0.372338851661516,-0.194763305296072,0.238131688434655,0.439278239334491
1.95969353525977,0.345178283938287,0.150762788287598,1.16766895237341,0.786883146835552,0.824123746692207,-0.455103032433436
0.641504963513266,0.916835132701033,1.46394643822131,0.963116861268631,1.48721917370225,0.266789358441422,1.70290986717676
2.47398080412563,-2.07286564299181,-1.42495145610427,-0.91221521461804,-1.18958943394755,0.980100661231482,-1.24210563599259
-0.233487663517867,-0.147253268611189,0.0279084948463758,-0.726885747876751,-0.118928900640191,-0.457673902102403,0.451320234376157
2.8082306209029,-0.236561219165278,-1.35547273275374,-0.307419731292768,0.208185152347723,0.572743182153372,1.13856789996454
2.3856931090493,-1.25289350108346,-1.59275876578785,-0.706576343984205,-1.42388751782029,-0.70203171951464,-0.205021886326841
1.05166314277244,-0.538817234924942,-0.613047139570374,0.142852360492133,-0.419791898602377,-0.742409760181352,0.268923597417129
0.852742529297844,-0.0781206052256131,-0.313381251220218,-0.400348537017428,0.697135720542373,0.547522560765633,-0.786904821368432
2.75595653021788,0.574655606709898,-0.000170480627586729,-0.401902417627437,0.612203843760826,1.20223265686544,1.09056535647754
2.57880343694416,0.0726228269204452,-0.755436544386086,-1.48128341702357,-0.540039460913077,-1.1276760785195,-1.2063310383321
1.65955810495206,0.176409040357663,0.0158471788461752,0.115612982382572,-0.261093590657896,-0.412464139801231,1.31480107529799
-0.37877731465775,0.129098964918557,-0.0605092923188384,0.411804389408113,0.815642113489578,-0.980825649163443,0.811733790919845
-0.397701568046616,-0.098036592967922,-0.632671007307704,-1.03626649327132,0.0268425958811639,-0.735558388357825,-0.834131903552274
2.52668158692067,0.941449741800528,0.699921270528812,-0.542520098469312,-1.21465447243528,-0.490851515563022,0.00939052062324495
1.09455216805344,-0.927143847092688,-2.00957063409554,-1.08426355159594,-0.679028280613831,0.233081012179776,-0.673000102400598
1.05722036467223,0.39302778063249,-0.474469350973654,-0.729373991136025,-0.305523943568694,-1.47668081047575,0.323928409407311
-0.423744400557309,-0.112470989521176,1.11659849882295,0.413904125312002,0.00954624730055142,0.745631715098675,0.110595564656122
-0.406989325473791,0.111993840272896,1.21985668366629,0.483666659725555,-0.0819538978272976,0.457379323168113,1.06740662300802
2.83573023014582,0.0983305461859052,-0.576208377970196,0.116757835555909,0.0216580415856427,1.30257366873873,0.683155132279597
1.0523437043382,-0.165616651185313,-0.536182477871522,2.30462768405013,0.3066569078476,0.627721089173223,1.55501780482571
0.967022675302715,-0.124275356552033,0.255645882389455,0.669569666426361,0.543375112684357,0.57852307405143,0.842987291095627
1.52950631744938,0.288059336802088,-0.474125130416461,-0.908872228759018,-0.187242457117074,-0.108149674545084,-0.970672732166404
1.20571627260378,-0.0457460184186468,-0.705028926440992,0.176156424750008,0.0623044311585093,-1.25862215716527,0.239651020101947
0.0143176337914321,-1.68508359652604,-0.39979148737931,0.268138016822388,-1.31213002410781,-0.289646119432407,-0.510274730569527
0.0713058215230548,-1.16262398616938,-1.01017921516564,-1.47382579102068,-1.20747154603826,-0.810642597961485,1.36103574631219
2.78737626657015,1.33226644596618,-0.221988418517873,-1.50100418191034,0.692177469471154,0.248924281708716,0.952699147040512
1.62341209194446,-0.0612269883516321,0.0392086875250339,-0.208023443410737,0.134428185240064,-0.950996023077931,-0.101758361853102
1.72576875158155,0.470134310127374,1.02870092814867,1.07565931952679,0.549183262235062,0.163984106948947,1.31625062117421
1.23673677810122,-0.507528510374722,-1.96720604011712,-0.46039028555689,-0.426629200084796,-0.488891514094456,0.238882080689196
0.171778712080164,0.036409143395335,0.592261906048592,-0.358749345285418,0.874345715175592,0.612095135512603,1.53850630856327
1.28833359486827,1.1310992475761,1.65649665595199,2.01421045497601,3.41867915383318,1.28536852413153,1.60937553245385
0.146810857999599,-0.620108507171554,-0.52066705857307,-1.02399837467827,-2.80909854875973,-1.83122784340655,-1.32981698957588
1.42518136107536,-0.279369269477135,-0.471670174307507,-1.76767796330893,-1.29240748125283,0.862874731760977,-1.09648830400477
0.937512464177457,0.00339432380284754,0.0160961465294602,-1.14333641964395,0.456572663880814,-0.592529872539333,-0.610312378875492
0.0424570862386687,0.182517665612355,0.423070073914775,-1.13131150712715,0.536910347943661,0.195643659757818,-0.440906410202115
1.92228895236973,-1.74768097514936,-2.72516462394898,-0.528389883602212,-0.273542538323568,0.379106641828487,0.0107830566888289
0.468590925876752,-0.758052974751795,-0.634467596537436,-0.763105590317498,-0.538536081969814,-0.669327348830776,-0.242036243678877
1.0321632113956,-0.53204948554488,-0.989514007052423,-0.914050521911482,-0.879707859558025,-0.521114743552418,-0.499500158539446
0.650502418160887,0.333707543075939,0.296049542202569,-0.966250789367985,-1.15162569405119,-1.20432240662623,0.311789024508087
0.729953447834815,-0.867065083737326,0.630612890617248,2.81722669123739,0.51573257307867,1.62704227418166,1.67262558583948
0.559365988876798,-1.05403883356251,0.505965742104179,0.937765810801233,-0.597559619081854,0.636784337048624,-1.4572016524972
3.67966682263973,0.0972681273020577,0.15346742912461,-0.633885932017854,-0.427192062445615,1.86784895819715,-0.122334159392973
0.0896367608481796,-0.417479609001686,-0.0124897715714771,-1.29074106741969,-1.00453539755457,-0.74403880582926,-0.364169550012994
1.73030207089373,0.268460578947081,0.281513637038663,-1.64278209163444,0.480242034727382,0.469564393939043,0.589344989712962
1.249033866942,1.69045891792997,1.55545265774681,-1.01110638864288,1.60333906918194,-0.307766157348592,0.493408871264925
1.32223492890562,-0.702469889586269,-0.550080240653601,0.239198688047331,-0.0237080935644441,-0.190378831572574,0.388333417851082
-0.433617524551207,-1.16706312523005,-1.9327966557843,-0.658160843559407,-0.774501700600109,-1.75215461762,-1.67516467240312
1.74604819326409,-0.755649969558199,-1.85269791989897,-2.82114063947141,-2.92601665546548,-1.50081435795815,-0.961377002481998
2.29168620594415,-0.58006273672887,-0.410706483418064,1.45585561407135,0.879727128499013,0.781058602123983,0.664908946879468
1.13417395637141,-0.126084624854265,-1.33397710288352,-2.29383568898843,-1.2451174898511,-2.21713980659735,-0.105261479425912
2.10761917201626,0.900698234212645,1.89646370533913,-0.277823841743501,-0.49956582733153,0.996589373750156,1.6389470697148
0.258846707948908,-0.806292603256627,0.0879179083595684,-0.475839612726433,-0.824249702691921,0.72202581424691,-0.0848232188453554
0.876486847300516,0.0275578864148636,1.3964463243363,-0.100034250857352,-0.158583286510677,0.567291243019251,0.327372657124331
2.74292827003466,1.25283560176071,1.91833378960533,1.0755383185795,1.9470908787708,1.57891405571833,1.01059085298967
0.499437968864655,-0.363764618742098,-0.647819875522204,0.944303416171041,0.0975905143466945,0.488496813672263,-0.302435689176167
0.0705977763537333,-0.36452589415431,-1.38635306612626,-1.55272636509025,-1.39146504668792,-1.95006346197651,-0.71869570638463
1.29110060801319,-1.7796830121091,-1.4730522573535,-1.07063518676015,-1.84383115755506,-1.90082739511658,-1.68922745924466
0.805092261023442,-0.632564910644683,-0.168587706399349,-0.037849175552562,0.224140452169408,0.0150686471045159,-0.675906946933113
0.620824553879821,0.335662233323225,0.387088408482493,-1.21685086476565,-0.237014859700065,-0.878224505577287,0.75510211333963
1.14231793341829,1.28601865084209,0.22392843632332,0.762139907521956,1.48160540925437,1.86250355608864,-0.337880364095836
-0.496573140885139,0.803706826467843,0.891530238565757,1.12802744983018,1.85034688735172,0.673489809022159,0.789069165239719
-1.01383086362999,-0.307305629894052,-0.101252528827096,1.02923776844713,1.53002447172157,-0.708511326342939,0.333155126304538
2.06191554115481,0.599084877066269,-0.312989102505882,-2.07903945300907,-0.0264763378209927,0.0220875482748615,0.76864063201217
-0.145346586987729,-1.07013109142674,-0.257248731328445,1.26864196351476,-0.0841460123763607,0.452258597347788,-0.0804031415809097
0.128840900592775,0.11388211857892,-0.120270872179566,0.217269286267764,0.915318430870431,-0.514543920806268,0.41169354870073
3.98059833993581,1.26005379015788,0.12757287739132,1.05960573781604,1.63919050966657,-0.0873411914925818,0.718747496850186
0.522361766500696,0.363507892440407,-0.523952963808733,-0.966589823251706,-0.135336274435751,-1.09098384136114,-0.548888922161729
1.31748729311048,0.684402302212159,-0.169048038374057,0.846133698513617,0.350259825236926,1.51436520129406,0.998016966203556
-0.254700989080296,-0.427567844798048,-0.366368780032429,-0.405207421876484,-0.52973471388809,-0.022466029224405,-0.697045047216199
2.89839429320173,0.162513315848701,-0.250568239012838,-0.395760686009432,0.619626893217086,1.82925605038632,0.161118093819088
0.779094430384678,-0.80819824908618,-0.299375506986874,1.38808094656352,0.910246711222262,0.711127251687256,0.00492002897446872
2.61051531108862,-1.31122057460002,-1.07988717508763,0.235937219728287,-0.302916265733958,1.7056174134155,-0.634084920334306
-0.185373421090965,0.0152978290829837,0.20399847342715,0.978215358037584,-0.929407140425031,-0.25258253001446,0.740705228029177
-0.0650723459946381,0.378110193192819,0.0783662477400843,-0.450667849550462,0.8497758390617,-0.35065211959304,0.50869963323862
1.41535969351617,0.944204613892524,0.294093493187949,0.230431516655835,0.516398634594741,0.50253492984503,1.74680686928012
2.2874528682188,-0.282771858165681,-0.462732407717363,0.74982021831331,0.225125237097142,0.44716175996655,-0.675016106492992
2.12157676276358,-0.89959974732026,-1.03165559228531,-1.26621407255698,-1.96917176038466,0.310700542868688,-0.749371327021262
3.027190682655,0.795471440700308,1.21563446502372,-0.840752394771854,-0.482316449898542,0.112057611603998,-1.13635151099552
1.41151014178752,-1.19571293635513,-1.78998084069476,-1.46789915892945,-1.67830966140619,-0.504603944096854,-1.50045505607659
0.145358354646745,-0.50065642155291,0.953899883717256,0.484434790247463,-0.247596471607655,0.28420384899102,0.414788873144933
-0.488433151249492,0.45595765417086,1.24578026351126,0.225692160094283,1.10278650767878,0.921037979195708,1.84490335010287
1.68829334831091,0.134509875067,2.495469656588,1.64167993910541,2.01075406406082,0.878765045539682,1.5814114448662
-0.707721790682578,1.17078081775141,0.451016281161355,-0.512114361634171,1.55094167208362,0.527907092069869,-0.490401021845306
2.00342917749176,-0.442436456964521,-1.08493878639488,-1.42953144698704,-0.503270117301964,0.878090815478035,-0.172822512045511
2.49979847822126,0.548223012562726,0.266673756520511,-0.24813586272323,0.364433280928212,0.682655517965174,-0.0843741991314449
0.944252060884862,-0.00225707201935799,-0.560096886704889,-1.19327568482039,-1.30925987842846,0.182798043740979,-0.454084892375194
2.9687387972683,-0.00650757773707195,-0.584842589196464,-0.701033295040578,-0.51802364055313,0.103069034540873,-0.619083359865542
0.070975802672101,-0.713209932721564,-0.868787632753278,-0.0608851301232989,-1.61643561107384,-0.576221030866214,-0.931440174812014
0.399180696570725,-0.0348142652036989,-0.0908875695445873,-0.0276147026518862,-0.620439082560565,-0.937284449657636,-0.568163457148247
0.50859646402438,0.0211841470545369,1.09342890950548,0.428541468346276,-1.54679527515238,1.29665980311419,-0.440242659400217
-0.303241724719551,0.74986895394391,0.508193565738701,0.382305781020359,0.609713430869065,-0.357810223929736,-0.238131373920718
2.25083021785802,0.315301430587556,-0.07046869618885,-0.354403589428363,-0.162523612156459,-0.384652876231425,-0.24942210588736
-0.737837977119588,-0.916740938975374,-1.70083569942032,-0.427333954569216,-0.564806438636835,-1.0591440240924,-1.01797712467523
3.03491191698041,-0.366103819506909,-0.186088627037662,0.472514975823294,1.1181628219587,1.51509716791568,-0.0320915880859131
0.45195382693919,-0.156497197275802,0.27206960214698,-2.9143471385725,0.191946230149959,-0.252257116879009,-2.01174532350713
1.27019859372499,-0.100768937744427,1.23998985866188,2.32659651463618,0.232578751713754,1.62348098787301,1.38979844259494
2.34967206715626,0.505700943349684,-1.36643983983648,-0.723707819132505,-0.532769347191474,-0.818344910996998,-0.72470445967513
1.39753681282322,0.0727018145903159,-1.56291105620185,0.265974865891527,0.313825419633962,-1.04176608201066,-0.0346207612041
0.907285196602981,-0.366206834430157,0.539472619608207,0.855059955735552,-0.877166079999114,-0.507671151164695,-0.479529903589361
1.51298300843433,-0.0392576277263977,0.130986422534538,2.07566791322702,0.0520361199834237,-0.629800647317239,-0.353354034204838
1.54080149216659,0.519347630628715,0.623324669111956,0.89266321873406,0.927620004831987,0.724591231949138,0.484742163145348
2.42478027053454,0.247573312112768,-0.719956395222673,0.142374746708707,1.07309666174431,0.501181094209481,0.437167454404449
1.48499567516349,0.0263837554035157,-0.757952261378115,-0.675291458955687,-0.99181604439678,-1.01422569582879,0.44837954031808
2.42265430397582,2.27224117999892,0.410215744527831,-1.0877428632779,0.48661206146746,-0.277526086106865,0.0207932117956304
0.991506995485695,-1.06882460333831,-0.193522204159673,-0.0906165745205873,-1.72336125952715,-0.492991886664003,-0.831277839751385
2.0232040548586,1.13086310928284,1.56041529017653,0.479696816219384,0.835574301075377,0.318097563656905,0.213466300680876
1.1526372362313,-0.406710617821728,0.815016498507289,0.792012129499556,-0.24208037474888,1.33350982113604,1.12744019031737
0.474593192613347,0.144462762279946,-0.887871298188577,0.385668123384828,0.915165142205245,-0.409127223083808,-0.314526956513704
2.45623926573886,0.45245327939038,0.317732292985771,-0.247825157391329,0.286273410476113,-0.406495800488337,-1.28733213276692
2.11496236281528,0.111083163108079,0.64713649914642,0.323044604891434,0.792740690866821,0.632405309551216,-0.114595505052335
0.698259563789035,-0.497626244071749,-0.670066140057079,-0.458850983636412,-0.65096443246198,-1.24450589905218,-0.272423796582666
1.61923822029297,-1.22097190901196,-1.36356395474046,-0.121847779519496,-0.583424660918134,0.0112146573799616,-0.476728757475926
1.05858713349914,0.0280605694464558,1.07500010805254,0.293002200955972,-0.206231965411893,0.138014554279013,-0.203481973122738
0.39707896653264,0.255788351557257,0.566707769768851,0.596119958367292,1.05812460942129,2.00901825096337,1.36930597210962
1.5256091984611,0.360205206890081,1.16574827258697,-0.496740039465397,-1.96743971768847,-0.761756086951671,-0.0383577919108676
1.5936962841803,0.573684832589714,-0.459462336834921,-0.404579512530737,-0.532258921548734,-0.477999926981698,-1.07364866003514
1.59616233919699,0.778076282751645,0.97255081661891,1.32530285508668,0.36628993714321,2.26295171592581,1.10302643715393
0.163889563469875,-0.77031863047791,-0.838079094134007,0.107951429889462,-0.934402905188169,-1.14572087637675,-0.145063282351084
-0.999144739812929,1.27494928245353,2.14424453763775,0.927436585628154,0.452585467794057,0.36761743848897,0.14172122409557
-0.779671566550606,-0.432582366425032,-1.16174608122305,-0.462051326851309,-1.35793833873198,-1.63663497720824,-1.9011671695325
-0.187001112911293,-0.725321327825243,0.944720604171108,1.1163741267975,0.612027445800153,0.563328847454794,-0.0520047715173672
0.437290306400065,-1.2874952480605,-0.965371658215832,0.632401682419987,-0.556817139263504,-0.444334156031626,-1.52302550183539
1.61802524460998,-0.0785462623726415,0.128257443759554,-1.3486802877312,-0.0707302795814682,0.629863768796116,-0.040411105533662
1.09711411005179,1.09442200797544,0.583797073488912,-1.01967402874729,-0.195231143551011,-0.369964665588764,1.02627494410649
2.42177220526138,1.25285593750366,0.543396835824708,1.16111837526684,1.8398206907673,0.592185677059326,2.22973722660251
1.0641604630767,0.639673955609556,1.60044040366592,1.50172354129727,1.02129051510183,1.37384337437135,0.477409420269297
0.981873037292147,1.24160277985305,0.764496504142504,0.722108423011003,1.37246541169674,-0.355114917111839,0.697126518962744
0.133617838238811,0.389229044907972,1.12686645810913,1.39546080430192,1.32823318149151,1.44990497117696,1.60245003819121
0.655906035541568,-0.150841426967238,-0.023604509929508,0.19605302991099,-0.338402344527826,0.256692196458458,0.117829603837092
-0.0491220188753625,0.535759578454313,-0.356660093699243,-0.916344202670898,0.0823924121497958,-0.71197933319381,-0.0921067138927189
1.67620665222275,1.09289505009283,0.75529067454686,0.240803607608685,0.638432602677959,0.626696228016141,0.450389642748153
1.71348180806656,0.124135810533254,-0.474288704079313,-0.119716819628109,-0.557174309339633,-0.211202501134186,0.310056954233233
0.619430471642274,0.790255714668713,0.0801644728112665,-0.205153610125502,0.35896402575792,-0.580216794702214,-0.347345680466741
-0.560939849015748,-1.85611770054266,-1.45988246572493,0.482686636824939,-0.43040484425497,-0.686270538638691,-0.326367081553238
2.91760825784746,-0.222186359068136,-0.947383415827304,-0.207129607003255,-0.650680299569093,-0.943109256646793,0.317100586246331
0.0936041270352295,0.891088751403846,0.501179180879707,-0.963908271469828,0.231162353778105,-0.0334509281359679,1.20488418896489
0.97039974429397,-1.00814429293048,-1.56306001292489,-0.714171065437097,-2.33458854570802,-1.00258387663089,-1.92256445603822
1.30434794289465,-0.579666539697298,-1.46848337054803,-0.533205388033775,-0.577240387005843,0.106572105139843,-0.62701042305828
0.725610071598883,-0.99988833608621,-2.20653535746855,-1.51793567400948,-0.688317384259001,-1.07045883264283,-1.05399537693701
1.12770623916831,1.00995263312599,0.322223077281004,0.447242396635036,1.80474295036129,0.992254192071012,0.736912529094853
0.766749036708663,0.197349275723345,1.21151644795253,0.208307817214221,1.31921512939869,0.800400742529987,-1.01856303414352
1.14129349298102,0.218016466498931,0.58533585207961,0.19317360496062,0.873298447727034,-0.00974471721463445,-0.666055682103653
1.79302506903694,0.581712630912817,-0.169137858301753,-1.68797493907391,-0.0780658357208056,-0.332272806496286,-1.10196565769135
-0.180537187297823,0.17286431819138,1.66138565031166,1.77079233104835,2.0404483535217,1.40262053610722,2.63763011426713
0.878537755119319,1.09032550536135,-0.25256137320335,-1.23221119593197,0.639366300151321,-1.26434103273043,-0.0172009915547842
-0.307163465473729,0.262150806926618,1.01610747151924,1.01242631838172,0.191548611133592,1.31892865751198,1.68329598257021
0.833064496439696,-0.0295274597647122,0.821018535593562,0.0775024584085862,0.681003125748104,0.39232018055952,0.759248088837156
2.06130814500697,0.617260330605198,-0.327606465433931,-0.855227314266025,0.326577905336046,-1.60898777897235,0.369439696534586
2.70337136626061,-0.371374839717107,-0.310717981010268,0.763855319771994,0.0896619888110821,0.51717111676053,-0.394359449609523
0.0934594489624746,-0.530236444407761,-1.21923067980784,-1.55518277519807,-0.34147860510557,-0.37946646217272,0.296932562771515
0.989275015651519,0.615696309999701,0.598610925811424,1.29675811337766,1.10334926878749,-0.108197187806383,1.08851637794878
2.3799577973931,0.625607391593791,1.10556989423923,1.15489559680912,0.86046525381175,1.34545919299747,1.85277781357891
2.44324744343044,-1.63612188544557,-1.29029016996314,0.139270802952819,-1.23889456137135,0.345252277070577,-0.0464223316781169
1.54715510184531,1.38981748351169,-0.061991631176553,0.0866129397507071,1.10795200224566,-0.458227078691768,0.746894847756654
-1.12266907869876,1.00760356953123,0.873984740496046,1.2463641736469,2.53882695131135,0.797636267359976,1.19451827466068
0.0238143546977652,0.848515352396226,0.574811702020665,1.04809777677406,0.856956936963478,-0.618379488984738,0.28571652327542
4.89567806589681,-0.110428277156608,1.16854720493576,1.90474683794266,0.0180665595583894,2.41684195690191,0.64281703978189
0.144270210497068,-1.03927952264438,-0.0419449953001064,1.45704364287202,-0.325782318749407,0.358009680627544,0.658851596687803
1.12110147218994,-1.0279435629588,-1.27763252369333,-2.00038797093543,-1.18578086377375,-0.365275566147269,-1.70974844204345
0.91291553903076,-0.677572320516861,0.118879011011574,-0.650100822893654,-1.29522101356667,-0.411749829271899,0.649791808597305
2.55644060088239,0.124548012048473,0.222646971454508,0.0840646629926753,-0.711944049084241,-0.385420906606121,0.898473639999645
2.11262079146143,-0.149829436002267,-0.399017479056346,0.843538651633912,-0.920970226910482,-0.991819724011758,-0.344639784276016
2.007701859486,-0.548988679877824,-0.571401583278849,1.06877420469462,0.676187382737209,1.07629259316416,0.397272254758509
2.75812353702249,0.2609198642338,-0.736467714184028,0.694420465393822,0.561643394483532,0.14652673238577,0.31831207710995
0.0436809277087851,0.229189897428518,0.20375439215434,0.343457562818794,-0.595939411045664,-0.321635282144959,0.447986742492699
1.13972650255958,0.0809738684377664,1.10409781851629,0.524937892551459,-1.1287588499551,-0.364913023901626,0.063896123850771
-0.177694299040927,0.166001649761035,-0.186650453935979,-1.17411199739592,-0.533145475988281,-1.31804810674933,-0.814664304494606
0.0229566735461344,0.274295193075739,0.555936405354386,0.301168849798828,-0.411580660208644,0.0409579062270668,0.76165114106242
-0.353283141870146,0.484344205882351,-0.00320954086409516,-0.419049212502214,0.661018227811886,-0.968491633002473,-0.416709434725241
2.62847429032437,0.324707246742211,1.1454932087985,0.113038889412103,2.07483706494831,1.9640086408247,0.960184846863724
2.87824476718562,0.364358018993207,0.0100260604387027,-0.381221330850024,0.443275143248575,0.155292263626823,-0.634233491463086
1.89585290786592,-0.518457040558855,-1.04310597021362,-0.668768165857658,-1.29830991253476,-0.154518164231095,-0.948363031901149
1.69288728085754,0.45295800198019,2.12207991569414,0.797535974757132,-0.530910484581185,0.646675434888148,0.555407292303702
1.25743678781393,0.116410290236592,-0.042710318430707,0.191249620135372,-0.0687555351009397,-1.32450321271599,0.644000638545285
3.42762574910918,-0.288982789799048,0.638603646942453,0.415628366923747,-0.168541076754234,1.0682230152817,1.57937909961562
0.981374382899936,-0.807074270748118,-0.188223826912715,0.616864566601329,-0.492510847531351,-0.239761332038724,-0.42900056546837
2.1008539441171,-0.580214259185785,-1.09577606844023,0.44653508097931,0.353025778938423,0.293279553002599,0.0102013755501416
1.65521740306726,1.09459424364164,0.667807315541404,-0.39751243639465,-0.444850038163304,0.179702429593868,0.698376833115333
-0.353675021591164,0.25401338918741,-0.200118437194526,-0.925448046147017,0.141367269640488,1.0925244236668,0.643878077021264
-0.504118129703442,-1.22044366438,-0.342656053153394,-0.691872937607027,-1.54727663899825,0.0159959941583336,-0.110517404293447
1.13233925181512,-0.298683166819199,0.590615726095086,1.24299823583269,1.71378840334588,0.914360207898959,0.697896469945964
0.390750870282007,0.89308803262783,0.0251774799036288,-0.659909696513243,1.50664254707516,-0.390737252301021,0.375224048708683
0.470548438258963,-0.913385912203575,0.651884831751649,-0.239090906168373,0.459547859025409,0.495534685610753,1.4734096925094
1.77396163572338,-0.841753012296042,0.203559382296421,0.626935937180513,-0.464407601708418,0.0564222409342584,-1.20077857133946
3.51370641724389,-0.256018257638943,-0.154042001662725,-0.34313111567519,-0.469231380208034,1.94803620549237,0.507273188174773
1.02755074013075,0.470911372157052,0.639414427463639,0.614887975487049,0.0030494238799965,0.167597558874126,0.795587163404726
0.199689590854669,1.79182288624732,-0.305812070835665,-1.74090065024496,0.515752066089847,0.0214695944370791,-0.796451185320735
0.555568399671469,0.0603293065238934,0.0752226350507228,-1.42371979370244,-0.572148809935425,-1.45820173098971,0.0590527477587657
3.71548365642219,0.0550571946028655,-0.972427951373566,-1.00203055573214,-0.546600625179504,0.959902509924453,-1.36099950517734
-0.306743914208122,0.601338970964745,-1.17674143397877,-1.66493991476757,-0.526426401785368,-1.70073957160542,-1.15155139969655
1.53827951823156,-0.775734760657214,0.0471906500302128,-0.0266145512670461,0.195966101311993,-0.0405846457542399,0.140194494803255
1.21787341434104,1.21078356997263,0.462556957105003,-0.319052863508208,1.04032355890075,0.615835154172577,0.980576532790901
2.5933901342914,-0.327260937539926,0.0927061675334484,-1.13167148037007,-0.577338641969004,-1.19940576316886,0.558611099352874
1.89013503934182,0.217607547269952,0.657977578393985,0.264091024573411,-0.328970959947634,-0.625918781597646,-0.0190341260951367
0.764101640548814,-0.015858430640995,0.281296010134218,1.02615588786349,0.844666361022689,0.219223763465981,0.736180780307646
1.71544129528663,0.0827577062097455,0.646840896173366,0.737080672948532,1.210236846803,0.633707875169494,1.09990897763336
1.41504269852165,0.138567378679855,1.62093264163598,1.0501529949169,1.24042028091068,0.256777054264502,0.858327607849893
2.7046358447217,0.712874721652153,0.487103963711914,-1.17126061880438,0.340245927127118,-0.0646500290009212,0.241008164487891
2.84525251714189,-0.690210983294798,0.232688287680614,1.72731666086288,0.669007858695738,1.40429696934805,1.9122731810687
-0.0298375083465848,-1.17465176431933,0.0324273108458688,0.367133517887081,-1.50334788276151,-1.39367167890792,-1.92367327106369
1.7967388111125,0.661364429938644,-0.182815280882474,-0.392629335814858,-0.145076705941447,-1.64311246925707,-0.792346561811577
-0.648345646275633,0.538156162582225,0.452859941373575,-0.993874485536158,-0.365381722130333,-0.294493934792107,-1.47205236080656
-2.0497403756173,1.88275777132941,1.95351114316894,1.81825779194883,1.89903780289872,-0.437974716003935,2.02261836920526
1.04491551921085,0.715788472024481,0.15072563083667,-2.18566451330398,-2.01371455049451,0.569490396534024,0.426222429227615
1.13684642671465,-1.11787576195529,-1.36801029005205,-0.269183111681796,0.220856969830126,0.288899611890572,1.40857311857025
0.214678157624875,0.224835772612629,1.07131893086163,-0.969908783760789,0.330597641606804,0.632213448068595,1.55506250177878
1.54509561361092,0.560245028148721,-0.178154132465348,-1.01836967020776,-0.983529284724884,-0.520278278026444,-0.225489513034864
0.00971464150560397,-0.409413541457608,-1.20940669160235,-0.962404506215988,-0.684465064585475,-1.66367651900252,-0.23202307567042
1.75421474992732,-0.474913500314689,-0.850585386400751,-0.234969863897137,-0.219146703989708,0.34693333438097,-0.396477696122059
-1.24366764035511,1.08969306743725,1.72755563636343,1.23551201112228,1.28145122907199,-0.513371507777095,1.03188292193184
0.567386116596364,-0.141294874855665,-1.10437695729146,-1.53353726908975,-0.195636224886785,-0.950818634494385,-2.78105284427952
3.13077344532351,0.182048858857855,0.315190898764552,1.07275179908202,1.05954319622653,0.690954776069856,1.30965907715637
1.76186000210829,-0.378424885934971,0.671745085150342,0.305742362213328,-0.557470814607219,0.654007124474153,0.0415692772774999
1.17959229860278,-0.409739928920921,0.0980381437916633,0.874383846763374,-0.748598816658062,0.136104162001806,1.01987645171541
-1.062104410127,-0.325589434919436,-0.370828260072538,0.153898207252286,-0.383803523918966,0.124808488491291,-2.07006820203259
0.415349042040959,-0.587726813748933,-0.700545438147334,0.0622579814204938,0.0188756336624122,0.0350596174499352,-0.919236096077146
0.414328153850136,-1.18240489426673,-1.41952901211622,0.893011533113178,-0.614283531571406,1.4187036970657,-0.293373930190086
0.811087880041149,-0.568142531617033,0.628783801853428,0.246250651142334,-0.222064695393567,1.12637277312345,0.65518818970908
1.52003171747126,0.508584650197832,1.30786263200569,0.404052291875535,0.45807709510881,1.48573631580587,1.01479051240096
-0.176386255832328,0.967238402389806,0.743073869897431,-0.578773312465154,1.96281497158321,0.156865122180377,0.285966711552112
-0.285618664635104,0.258596419783021,-0.0236271016689976,-0.642599690593362,-0.284123550088166,0.210547042210574,-0.7717318237644
1.57699414031106,-0.117027035018348,0.600381671304788,-0.645897477977495,-1.56074349661003,0.938195820701076,0.219002662723941
0.844934073677128,-0.128127642405398,-0.74888261346475,0.160959039973113,1.58705662626987,-0.328696954670816,-0.452031121837905
-1.25842586524061,-0.219740752404262,-1.02842657375581,-0.0894613882730784,-0.43513911735775,-0.113576680306266,-0.171240073722587
1.59762889066248,-1.15204385597151,-0.591214557850578,-0.00274077119940281,-0.60970106612484,0.637731147962496,-0.518712690142084
2.54178144159543,0.133606326509067,-0.295514875257399,-0.344903890148972,0.371498148649227,0.339505028969451,0.467124567508259
-0.743000754942523,1.20355274505595,0.905192969201313,-0.761137271925537,0.950960212993148,0.485785834981951,0.32194168253975
1.54103521893328,0.0291817386092609,0.185259022892668,-1.31525876529807,0.0361323356279096,0.116236166019124,0.504560436708764
1.14541541216092,-0.9896521642358,-1.66181035513579,-0.572951922683609,-0.0971919873041257,0.404550865770443,-2.2527882523187
2.11473259459855,0.0831300367663711,1.07766630269154,2.48642667337863,1.266376248374,0.838787419049957,0.774514925477224
1.17022055615996,0.4515653334195,1.43456408485264,0.81559607695811,-0.408152282766883,0.293270084493278,0.548221388536785
2.15366680887645,-0.407954767194576,-0.0079046351363831,-0.0158445575557923,1.3635773997642,0.893738495182462,1.28603831063047
1.91975348157304,-0.069529303286532,0.220587093628629,1.32196843480641,0.287289043220286,1.90667780591398,0.70114769289911
2.26587312020923,-0.680125729260397,-0.100266698137946,0.158130361212467,0.103496311325499,0.197595993669656,0.705060893803126
0.721704593170784,-0.819723473452711,-1.43854249222678,0.767046791709964,-0.649683324506912,-0.248298365588977,-0.837632443820646
1.62886586506574,-0.00758374375287359,1.56153814125699,0.983766462527757,-0.375485952784065,0.939150283880302,-0.593401278970582
-0.857472597862966,0.418967866026288,0.553588731452936,0.348855819694279,1.2652430718682,0.165461249516847,1.45989812814268
-0.558087793489768,0.486313108251483,0.854240483036182,-0.987577975197817,0.329611732282073,-0.544947373157997,-0.693367015212967
0.599440663147581,0.0572951845761508,1.30138482169921,1.37880108798626,1.10895110930631,-0.56468877372608,-0.33608916418858
1.82181735287583,0.192390221311176,0.187995334137747,-0.275628136959224,0.256336924144652,0.335093980780018,0.202258142937648
1.99759403006917,-1.00828545639731,-1.31475279362749,-0.92542014898981,-2.06631398438298,-1.83637772203359,0.00893420277513166
2.3719768831894,-0.61591020095119,0.191756134080414,0.24420851708195,-1.70535900659087,-0.289897728817125,-1.21916565351708
1.86320663579065,0.501973316482249,1.59308503897547,0.842790605795187,0.135685581997191,0.619633370742703,0.733434546848806
-0.281343370979642,-0.271515164659545,-0.645007128520863,-0.782705915711632,0.250872812598279,-0.159240840557145,-0.24260501328136
2.55069777529731,-0.631125168692323,-0.700656686126277,-0.429608366601343,-1.96923608455781,-0.747332661788702,-1.61329519445281
0.585163033985372,0.27690338657486,-0.105893874892818,-0.384524063357832,0.265936288230487,0.0918313356812304,0.15564303806861
-0.169954224530021,-0.723762175491604,0.370677343577005,2.62011549912408,0.89095344769007,-0.428615094236632,0.165803038369629
0.504977778739268,0.743212110453521,1.20194244766968,1.27069442326827,0.663493216929615,-0.29127163803101,0.410097631100706
1.12440316623785,-0.522140116378675,-2.21518904099817,-1.99504658074641,-0.722875537796451,-1.29638219778326,-1.40967076025721
0.192796350711793,-0.756219547123508,-0.0447406796783407,-0.477556539275158,-0.0563827913141051,-0.0578355401987732,-1.7958244804367
1.28020607766526,-0.381815920119107,0.933656949313859,-0.346072395127203,-0.0738061178899291,1.1165837306395,-0.0596521007810273
1.78232825764148,0.271254017202625,1.22348626103391,1.36480158390915,-0.380555370111908,0.638894630285117,1.28831693113362
2.6393766220047,0.97736521721206,2.03306966003567,0.709179141513105,0.735240793235375,1.05070588081849,0.451298936239712
1.1592130586277,-0.210714146979108,-0.653711180782833,-0.757611709584335,0.708860215393188,-0.410305962874855,-0.523560850227025
2.19345360928915,-1.33111521938313,-1.3080204787072,-2.04242486581012,-1.46272503489141,-0.0270671463119753,-1.81811016874062
0.107964207563067,-0.695593962135026,-0.381143806741383,-0.537355235957907,-0.530261876466523,-0.973263335650943,-0.65501675056133
2.39256352022681,-0.540909668282472,-0.802217052391689,1.07922119282566,-0.538325486590717,0.448746022745662,-0.0842451907267829
1.03993711427604,-1.22943211765969,-1.08779421793987,-1.21932124296886,-1.10543500847553,0.768874394511793,-0.659753198481332
-1.09143457067375,-0.836355120848548,1.10652422192173,0.987037980631562,0.676763338867885,1.03869573917296,-0.396230837622178
0.73509179298811,1.57004410826194,1.49534057108518,-0.370753433288785,2.03441406742872,0.49705016511528,1.25859743292573
1.494267530202,-1.08174007751647,0.3171570929326,0.284974563629283,-0.210898229767236,0.194927989077315,-0.593586008186473
-0.372724354657192,0.615025106884727,2.06970029774445,0.166163496854209,-0.0272888199861884,2.23812026505468,1.0088241968151
2.12584419162076,0.048292954380969,0.232463304789433,-0.290576111202791,0.477278723896125,0.705751276166142,0.0252033127865173
1.13089581713869,-0.86276110263266,-0.426887942439845,-0.421840972807838,0.767548422227008,0.546262616354517,0.0798001185070923
0.826848241833746,1.08531592883423,-0.103475366758827,-0.722848271461883,1.90819541393678,0.671865159852187,1.38410766772066
2.02620392810249,0.419536295268584,-0.24820044962267,-0.822218812762427,-1.69521940084454,-1.01013661367126,0.745767688482793
0.766593713104981,-0.223134112679737,-0.241521650942977,-0.31087206493407,-0.224756189232363,0.648645947655003,-1.43511324083106
0.754163572151045,-0.18339097023774,0.596913906263276,-0.175699835723949,-0.0107995571824892,1.68691752759036,0.503317067025795
