"T","Y","X1","X2","X3","X4","X5","X6","X7","X8","X9","X10"
1.95112388118782,3.19365410538554,1.11358322827351,-0.770022554063559,0.678128915507108,0.0585615397563684,-1.61018892428086,-1.35388204417728,0.0448942239236002,-0.404664861857952,0.734811888284638,-1.58954868631853
0.699254033925943,-3.210043666334,-0.307978157620061,-0.389289348523823,-1.35897593449966,0.415966138780981,-1.1975975680494,0.0676513042556898,0.525075597330898,-0.402774116013704,-0.56697270980102,-0.539246497823095
-0.363546283263932,0.122271610936988,-0.668864950918727,0.735786329239174,0.311172083565277,-1.06188123613252,-0.688492290711513,0.668553266568914,0.14377202263415,0.354101889245554,0.540885115656419,0.243346547095475
3.05190484959729,10.1012475964529,-0.420846292677964,1.27857697192854,-0.727211192741,-0.774897546626996,1.07602008891705,1.26943064219134,-0.114643766322385,-0.248659318972965,0.743446453910852,0.318465442899909
-1.21267690645822,7.9826102203418,-0.643840492181659,0.9644099978109,-0.286861670885177,-1.16892218486456,-1.09243150786407,1.0651310036727,-0.887689403675363,-0.307129306984231,-0.480435608790213,-0.368285887532947
-1.24789314901569,8.90106131760401,-0.647990061031155,0.882212753571863,1.90869374719083,0.60761904129322,0.449041988386267,2.02544162810125,2.29128549378469,1.04309744640027,1.14027858694228,-0.0799618546198308
1.40001085445575,-1.86306308425123,-0.394316451533493,-0.406502547879852,-0.869646958619201,-0.03940593187151,-0.66990356923476,-0.343328646591553,1.08212047222584,-1.73762253718402,-0.254715893964799,0.299153929475164
-0.394729961669012,-0.778335131940254,-0.728574720054276,0.274864947754205,-0.413298100747007,0.680569450687574,0.859454649636361,-0.0927034136493453,-0.849893056454812,0.821766620881296,1.00875759836721,-0.099515059431577
1.81437875603255,9.47902093015878,0.71946718646317,1.04961118174055,0.310615209169828,0.368300334370617,-0.113128890633267,0.958068687207398,0.0285123240006118,-0.735268739393263,-1.3359318304438,0.253386567698068
5.45487153976714,5.87028194366013,0.179896652894605,1.21608633901299,1.25203348505232,0.916180141102537,0.78450594417274,-0.647511613132159,1.55902592989921,0.764481324052962,-0.631007854339058,-0.529095562043239
-0.850447102318876,6.89582405546694,-0.175486744957607,1.19444977400729,-0.785527159170757,-0.0700183613747394,-0.137658109404761,0.627154088712689,-0.398719813961573,0.687394834822812,0.279140642662638,-0.605603579207605
-2.2819402024269,-8.76250618827093,-1.50968732847645,-0.865292962321082,-0.534778604808432,-0.144199198932447,-1.4616748429603,-1.12817309122478,-0.144926081508413,-1.17632664793789,-1.46979068647873,-1.18146199983928
-3.1435318343097,-3.21030908653213,-0.633728478153057,-1.16298063496475,0.742594810980588,0.377279432751144,-0.772556897022265,0.136261734587703,0.510011701204642,0.105745011360485,0.324282199703024,-1.58808719600262
-0.377380550788431,4.47400473831093,-1.44162223012396,0.0683228128932744,0.169171533664582,-1.28107283753583,0.77294535123701,-0.440692090208889,0.267250610959972,1.3324985813317,-1.78570019773708,-0.413828283707582
0.387987710299412,0.159463714965148,1.2544782185562,0.618324219766472,-0.685898357030983,0.646711818428617,1.10017407411203,-1.14526247724329,0.458263282305255,0.2135920161435,0.854234152610861,0.656825069252269
-1.28332316283756,-3.43360678410851,-0.0472800698477498,-0.696733653434697,0.456084568157086,-0.833147312377296,0.410544935602377,-0.896391543073227,-1.104192205748,-0.737216680771019,-1.10370621087385,0.229410529526305
2.97208585885034,4.51155004221476,0.702260009587111,0.601288811083422,-0.477210666582256,-0.930593441504051,0.793244883744725,0.529267582579963,0.177711372632074,0.8188728164087,1.20751199785929,1.2678097819934
1.23113718936715,12.6322157026593,-0.903696270513668,2.27278974387697,-0.89825742048747,-0.968619660594437,-1.37144991693149,-0.357224563080986,1.19601568416162,-0.14630207858089,1.25004960065462,1.68123856811601
2.17727260015206,8.27982694743872,0.233097563733313,0.543646413815557,-1.363847001899,-0.434025250917895,-1.77958594286749,-1.33111080626731,0.759859435880071,-1.80502500078107,-0.785120837042725,0.0318574913837419
-0.722142384758605,-4.04521185887532,0.928714188710631,-0.961466116241503,-1.19389642174799,-1.09906968883414,-0.275351675212111,0.495328818937648,0.0498215659824854,-0.44243407063562,0.933335561716573,-0.0156794006409845
-2.06639718438845,3.48575542105584,-0.434494124324449,-0.00689481054559122,0.616511608366779,-1.95283777558885,-0.604755903542057,-1.10501601206094,-0.422901505169862,0.821132426217828,-1.59181970099637,0.555704339589622
-3.10755525253227,-7.30328598692806,-2.24334317099043,-1.01855180874821,-1.66474769856708,0.253973954461306,-1.5629973601217,-0.350641304752688,-0.743354748769205,-2.01807493877357,0.765025002044804,0.879421493033909
0.644082936198187,3.34244100195841,-0.461061774870202,0.268044805800045,0.13733388008343,1.44213533053862,0.842471581944458,0.87582447509035,-0.672324375834796,-0.292794570012002,0.80677894359117,0.463057276458743
-2.56673343427993,-3.28816863256529,0.43057007705108,0.81659799183039,0.62269427206284,-0.356799365140371,1.37178329951363,1.39309217058321,2.42386176239376,-0.34583579536643,0.822198223226205,1.04026801614548
6.59811485544289,19.1484324594555,1.32023602192324,0.875042922244292,1.67556355791883,0.109689297259834,-0.783065378769508,2.00111804768143,0.867729103001941,2.96461623017211,-0.636998272879271,0.0603525684463947
-0.393358485940613,-1.61334620463125,-0.77920710492115,-0.98849573287406,-0.248862310648884,-0.203209585404168,-0.906568302194501,0.397345363795122,-1.11181146756709,-1.5254716037982,-2.15024062118697,-2.03515688918646
-1.22080882848277,-10.9862933328627,0.594713153167842,-0.727479514910969,-0.597016177410554,0.230176759207144,-0.411014011597407,1.08836542129995,-0.00631621940193781,0.39944840905418,1.02880758768163,0.948952880841903
0.326404724235294,10.0745870855055,-0.371896685954459,-0.108963560318517,-0.319560028033841,0.584310290792958,0.0102910557190293,-0.953017148408515,-0.0721070964438684,-0.105638367299142,-0.844087279518332,-1.1020725258219
0.209737272005863,9.99746653709639,0.376083479466573,-1.4858069095433,-0.48035028057428,-0.495288909155101,0.10755269137694,-0.378781044822766,-0.418764441642723,1.26467416399238,-0.822518623534885,-0.905853191991679
1.78722358812269,4.91969796228974,-1.33800059724352,-0.18024714449977,-0.56837919415306,0.613974594684823,-0.312146543053421,0.864699590291133,0.595556681382648,0.731240643787797,-0.227809654385471,0.679980583151454
-1.1365967286188,0.745784082570735,-1.21303146872255,0.545742768708561,-0.854250741131277,-1.43310106714318,0.246346453456612,-0.705286015571598,0.270764774938893,-0.826321300168559,0.259252857425467,-0.586145314946474
-4.19132353116079,-6.89341305797893,-1.72031845793018,-1.7289957243745,-1.02092772519266,0.333169146446613,-1.22999675017023,-0.243536317637924,-1.84818956786221,-2.23021279887261,-0.734603383006481,-1.20093889227915
-4.29156834467913,-2.66262923087026,0.319935075972012,-1.3635429627011,-1.86794789832598,-1.28495145339768,-1.22652391589644,-1.02000469275891,-1.79531710495259,-1.03985210622203,-1.85865859845167,0.293567613107735
-3.87175717924445,-3.37964873745782,-1.85143566977638,-0.152645918955551,-1.35255720089233,-1.09516919363401,0.763906972839033,-1.94298946307089,-0.619264388950902,-0.972546661822649,-1.76129675179166,0.345907894261099
-3.788014532831,1.22564708083846,-0.880525015377699,-0.0521296353747402,1.16246745327742,-0.875763557225767,0.032889588069058,0.244537767792967,-0.387797743958842,0.265997902840233,-0.353603765076623,-0.501549678473489
-2.43268877341061,2.70384487785795,-0.0693219300334245,-1.54562313139567,1.05170063772668,1.76396927014349,-0.263728195828495,-0.649029740867493,-1.4993019062474,-0.184539264330187,0.183523293265884,-1.38677310016325
-1.02022958875924,-1.86579978816553,1.37686711149628,-1.81019237380571,0.119785006486355,-0.747030842569505,0.539428006519487,0.600500494937817,0.449676429460001,0.620723881245807,-0.140782728007694,0.705929995421498
2.93973521441459,7.60290401889219,1.30451962176252,0.164373951310115,1.5119420243049,1.60625713275718,0.0839088933189405,-0.442401494230296,0.196875540898451,2.02535520861671,1.42837817329923,0.915534171450663
-4.98115987889026,-4.6039201231915,-0.693710899069462,-1.5970471585272,-0.971104828489207,-1.51953313498837,-0.53389598409918,-0.717429416036477,-0.582749368988166,-0.646458652214062,-1.05383621050062,-1.03820265420807
-1.38913215217209,-6.31239600440123,-0.625080650535602,-0.606482636791049,1.37948637130892,-2.18403280358391,-0.226434074549241,-0.14179984760026,1.45899395283251,0.535192614928513,0.511550561340608,-0.237919803924044
-2.30142515332139,-7.31870499600816,0.163520529851902,-0.69603388980683,-0.733406761259412,-1.09901088628417,-1.26587595027502,-0.335813466179796,-0.720390042579381,-1.19868140525421,-1.25657355451405,1.17074739125735
1.91658768732254,2.03205040169133,0.0440779707066924,0.801769155289077,0.97966071803349,1.98028025800542,0.978508919697429,1.02187211092479,0.97069238689276,1.83882463835948,1.62189643107823,2.35808833450142
-2.46176594407287,0.482009714689678,0.888565405744567,-0.276662219692861,0.0790517384914814,1.30363982456336,1.37912909462665,0.183882295472539,0.2144676933454,0.223044613224034,0.214754508639413,1.40052499495378
-1.518455456571,-0.979685231157183,-1.43830946019666,-0.474060461478517,0.72326307085382,-0.874695181918778,-1.9767685586772,-0.186063390730282,0.519417718847595,-0.539073491702474,-0.314783120592014,-0.397808750086906
-4.17993164520726,-1.62561403525299,-0.516200143330849,-2.05184427548058,-1.11820750125794,0.351425260277387,0.144324466427344,-0.927718440087484,-1.45496278235029,0.112665566923507,1.54724084405318,-0.608056513786193
-4.49474103050935,-0.880620731039266,-1.95004243246892,-1.10458190313875,-0.567586621070575,-0.459386150313969,-0.734809812912048,0.452157833257926,-1.11183497526727,-0.406906045713034,-1.77037725393317,-0.0760861051866652
1.06523877470262,6.69469948298683,0.980843854199451,1.1675943132034,-0.801744292998407,1.46268872806177,1.7204139726911,0.25598487319116,0.650455751233334,3.47515786813155,-0.0146761722081924,-1.41930300697696
2.11810499631038,4.21867919729346,0.163319491822712,0.630612185581946,-2.03101081880046,0.961681653597408,0.683853999971014,-1.04989416387581,0.545171999833447,-0.694016319594857,-1.56938249335743,-0.642751338478237
-1.76030942694285,-2.81093593911083,-0.766030845113113,-0.49828264740646,-1.71905908168989,-0.635194908038904,0.104999114345163,-1.02428234919097,0.350895125149876,1.07072208042361,-0.349804995513827,0.38009950968622
-2.85950208348936,6.13122575787053,-0.871070936310537,1.30878368494206,1.10627104657756,1.02442768302403,1.8632183807583,0.716946268839352,0.43802087284357,0.68681071161522,0.183360317040027,0.458161424542787
2.52828017248644,13.2769734460557,-0.384636978946046,-0.30049022324572,-0.774020415352627,0.355748935608941,0.0996825683752041,1.26682338771677,1.13075316426401,-0.534027252649563,1.42540956460775,0.5742115764247
-2.52402619808056,-8.57301161238838,-1.95896967341361,-1.19153051031863,-1.58760927315083,-2.80701704054107,-0.829931105492777,0.902916262287458,-1.21219654952528,-1.33514897444756,0.33286225301107,-0.619596230940124
0.385074404950364,2.73714266318265,0.365102957613106,0.200503719842471,0.155263810680237,1.05746832034273,-0.488242113855257,0.52829019913447,-1.26586494146742,0.273182329372066,-1.8236727096871,0.714395371907623
0.899255189884534,0.547446327089364,-0.171856504137333,-0.269288769102525,-0.294939197197726,1.1038087208985,-0.486103259487677,-0.898970717705887,0.56971523756341,-0.75205268115981,-0.25826224423256,-0.402875428341829
2.8708660758256,11.4502986347013,0.960655170472079,-0.717110713567189,1.06208035658026,0.0646545097418559,0.609172112720249,0.422618918683497,2.46666431049889,-0.172921434892408,-1.1440373149645,-0.0013017997991494
-3.97073230251056,-3.00432525987338,0.169184474037194,-1.01960408512385,-0.235479622592867,-1.3592616960551,0.0800163160014905,1.77747955093065,-0.515709101122446,-1.11515553027786,1.21631482164227,-0.468577832336676
-2.52668948036592,8.35461678543525,-0.901510023663023,-1.99386399332676,0.342248734770836,0.252168938344914,0.0166452354481946,-0.825687660474702,-0.12667534366152,-0.0882999730050076,0.70367693277132,-1.03603744996206
-4.32544329896369,-4.15768054015663,-0.728818951190586,0.138475347249582,-0.791115398968723,-1.19021719764389,-0.64307332727305,-0.798675070257198,-0.392112097357657,-0.534090091216701,-0.65059122663334,1.23110287134554
-2.51412548984674,-3.93048041921283,-1.33333992925775,-0.763347135058429,-0.647334675236625,-1.32390361024894,-0.161239768518199,-1.62522769505174,-2.25620135668788,-2.74938208007877,0.446936186148499,-0.937577116519216
0.853699725604149,8.96221863994566,-0.796880876712214,1.36093545206328,2.78300379600704,2.16443786993836,0.14768459137151,1.68513334156393,1.21677028421078,1.03978961130652,0.154979730069922,2.66300641568096
0.83322941565913,1.83788805991299,-0.792782086752205,1.16113077914286,-0.50509042242322,-0.0658646824338916,0.110481317134542,0.231862721812834,-0.958184653803244,0.111295705531661,0.969570209046079,-1.05398524493029
-1.55788501181406,-5.09829173869996,0.264433536049051,0.249870357789168,-0.254698822537305,2.02496687580755,1.60287716903102,1.07537279942227,-0.677807819360334,1.65593343706359,0.704935925726557,0.4581253968713
-3.93025877507325,-2.56959451387576,0.525774322706886,-0.229879345487049,-0.231283472395966,-0.91624770067188,-0.532868323542299,-0.789420377725296,-1.53895475244741,-0.246740365702301,1.4181849281886,-0.386369587784311
2.87572880028373,-6.42794549176194,0.150335225151259,0.42125023899332,-2.03455592602613,-0.77158710725527,-2.18464705125195,-2.02663962305893,-0.191179617766367,0.259267121570457,-1.96875252488571,-0.0667832866814115
2.92142624919016,3.56031426978693,0.342389048775982,-0.0714478019528974,-0.863827112428354,-0.0549279985063948,2.04157280972888,0.0143751699703708,-0.285193007135952,0.959894110348629,1.61572964923023,-0.593089955457043
0.183412155004722,15.0190368574137,0.0706294712494116,2.23895674542941,0.349156964752166,-0.194435795766442,1.12761307177497,1.23746847115825,2.10109944780189,0.310319937547642,0.954357409496477,1.50086359709327
-1.10550444325849,4.15555693979085,-0.642379162823062,0.405223736754134,-0.587129624482117,-0.298107917223141,-0.636709569643115,0.112244580596768,-1.19205785198817,-1.02242065942165,0.195241532792062,-1.03349720125618
-1.27363976491304,-6.01887702332554,-1.06425551649417,0.298215103517549,-1.76799631700805,-0.635633036742713,-1.55567976109643,-0.247644966673106,-0.271826805708618,-0.272882761689391,-1.55923876979775,-1.35500559811318
-0.0404138897476027,6.12421396971027,-1.54933461765703,2.13358706123495,-0.0785474649889813,0.374002801252155,-1.64557350967683,-0.736698916344548,-0.676596205125197,-0.426160236213923,-0.112134632941577,-0.0174821246087517
3.04987640753941,5.00487120342438,-0.325455707442663,1.05150667164844,0.609920112621105,1.29161178724856,0.00724064874686563,0.696553632848526,0.867988804303123,0.846593685392956,1.24860744957318,0.561483008758489
2.34432669551368,-0.808161143298386,2.05599671928312,-0.721229280790778,1.81665487009704,-1.37295244293814,-0.642892533221722,-2.05899259611171,-0.102431322616348,0.490106064464671,0.271304284890068,-0.0245622231206834
-2.68536652738613,1.31994549606398,-0.790904856620385,0.159512111930162,1.24751082041384,0.217814457888211,1.54266200352644,-0.0897830748113008,0.315327156746442,-0.676804807940655,1.8096705434143,0.416969861148025
0.916391741216273,5.04338293160958,-0.43808212528917,1.07992662174808,1.47055323883498,1.71420774545765,3.20419057503864,-0.108946799795747,0.00748276628707555,-0.643284964488297,-1.15711281784453,0.423718953097054
-4.82066991957855,-3.86833725016874,-0.713273354551549,-2.14664997758648,-1.83963695417188,0.391545755753868,-2.34469255508344,-1.26238948436737,-0.764869723282814,-2.08572180613451,-0.985119047897798,-0.581103012645991
2.22144890981921,5.16469710719927,-0.314521871470771,-1.47617904865,-0.579380649984038,-1.12117812585092,-0.485901267215972,-1.06324618714729,0.716565422052847,-0.337917703162442,-1.26349706096874,-1.4971627191204
-0.86615433688392,-0.162304381225767,-0.527291449315104,0.0022275393370542,-1.21593113103535,-0.939025058260453,0.245294162516788,-1.57701907772361,-0.437470264835886,0.897785526213183,0.697038187653638,-2.13338330760566
0.804167128377729,-1.7701663121424,0.468833722387712,-0.312940046612995,-0.945369062663379,-0.591087945900487,0.286005568454037,-1.37319752209964,-0.606529959264267,-0.566402061625218,-1.24861707527234,0.517156489573533
1.83403598606056,2.6321923709091,-0.490686786924911,1.2780667728548,0.449857335178838,0.508772548272389,-0.228611759817036,0.998902730235139,0.322792099541241,0.222820873589021,0.289671357957593,0.942683460923039
-2.25129346011264,-10.0727655602006,0.228052576914256,0.145003857355095,0.156828030466409,-0.746916402682309,-0.813434508087796,-1.93069676246585,0.0717842775874198,0.131729219149557,0.0414356779911846,0.196145007379555
-2.29762390789505,-8.71700130505121,-0.774669974991665,-0.703300814289908,0.0701898127573058,-0.479517362616672,-0.0671892722431336,0.378914355060805,-1.27496654364578,-1.20368302677083,-0.837296275648201,-0.512472438669595
-0.99894533078903,-1.1858676665295,-1.04214183745501,0.0146451621607548,-1.23253666840879,-0.843520990173114,-0.768092473744005,0.0687524343649122,0.607332315072188,-1.69564408202151,0.905118329780159,0.571041580985168
-3.59504027039065,7.9418054937957,-0.136013765049332,-1.98446076685117,-1.75718509730713,1.07516021527524,1.25244984208334,-0.732005229412894,0.197663736444935,-1.03102410158329,-1.81454748636468,-0.589834185526614
3.52277336345568,11.5727551007988,-0.625131358567221,0.286372684186285,0.0243005599612439,0.621444344939082,-0.213158965813576,0.842704712349253,0.202672545921383,-0.687439838673173,-0.945175787631365,2.10398106124173
-1.70022353081354,4.94630872843249,0.0490447832592349,-2.32971299321092,-0.891907937398278,-1.65748949437255,-0.430258148926346,0.886335484809921,-2.88236086295199,-2.41990812580906,-1.23226710839243,-2.19911450942196
1.75929491777095,-6.73512300241497,-1.24441192755213,0.950283106977113,-0.198944644746105,-0.694594495633625,-0.396134957887541,-0.49229460243477,-1.36306665559594,-0.350769351583673,0.0737427492048674,-1.42302595879191
-4.54828001875266,-2.31219586646109,-1.29812431400639,-0.910627165138078,-0.603201343881247,-0.98605178076579,-1.36451180988145,-0.593168335668413,-0.511263811768351,-0.545517379578475,-2.43118234246735,-0.636111947754515
-0.790850534556583,-2.26460431411998,-0.360984261634784,-0.787315633742193,0.640128681373993,-1.84229402738383,0.402844010671553,-0.788229782560416,0.038217972710775,-0.793546677973746,1.42842386594957,-1.49335863438484
-1.32967520773188,-7.18606496538797,-1.85699373400368,0.433387998508682,-0.403609079119123,0.168639517567825,0.120177286555071,0.139832791924863,-0.070321199559072,0.228767742500046,1.29280415797477,1.57685063984494
1.90479544924788,-1.15036362873532,1.00655658590736,-0.646205377493733,0.223707051118541,-0.740429273189759,0.0134999439263412,0.539231375046637,-0.923853517244958,-0.646590229593005,-0.843661261050856,-0.821271951236644
-0.788020605812118,-0.740090364559126,-0.962484602402118,-0.493017935322353,-0.852747056213465,-0.178459855862466,-0.198469366570136,-1.80923045613035,-0.403191109883164,1.64870262931185,0.0148569390189829,-1.13076129967104
3.64870707565138,11.6298704465269,0.0993365758819017,0.748737361383437,-0.142781475977036,1.62233515171804,1.55730785422875,-0.74979213670233,1.20462497430784,0.441685742046079,-0.783695817298126,1.10272897408718
-0.276928651276778,3.5062553586513,-0.333406504971754,-0.760639204901949,0.577518848562269,1.04809731575295,0.837932261590543,1.76318998325955,0.700271215415521,-1.02582797300725,1.8971199757641,-0.179584567842623
-3.12004001611549,-6.83640730176204,-1.24109439845309,-0.997251107970377,-0.974410476210903,-1.02821877248691,-0.622914629960492,-0.395590662195512,-1.85824888367481,-1.99227618974038,-0.388062889722657,-0.486716681132292
7.36233005104086,20.8977015155904,1.55462036378972,1.67294237784433,0.176272273199398,0.255289081251102,0.254917813803211,0.0710789018337211,-2.89338956427083,-0.408384455017278,1.80115185581221,-0.411185413932073
4.38903439531159,8.23765767427205,1.07815776297154,1.39634631930661,-1.48116580740173,0.13796399974388,-0.918785951791202,0.202472529636833,1.12152615743846,0.921313106787402,0.577007843200539,2.15418586082278
5.12104702600176,3.39330425531899,0.659875731402126,-0.884408384903391,0.234633710130528,0.179389438780699,-0.707386203464091,0.370493877338494,-1.20515498897316,-0.759586987582993,0.71417607173882,-2.23905187683818
0.474530057755694,8.82186236527438,0.246175259829386,1.46332800486632,0.010713491306393,0.720622892013735,-1.45523616051473,-1.22572368604426,0.84628286015215,0.317884852643438,1.45363139931334,0.294760183685402
-2.89690590727376,-11.9015230603114,-1.90932582751876,-0.554277171413182,-1.65098813409211,-1.51548723534509,-0.066241812604301,-2.66663081886762,-1.11560084422145,-1.42577786619165,-0.449023970076976,-0.0642263865326667
-0.0043456095320562,10.3572677809144,-0.0617985726787745,0.487042635389194,0.955569127628722,1.30007614239881,-0.652923415904973,0.435325342289599,1.05275114649138,0.292553980052927,-1.00105241259814,0.366286408657075
1.24693821475436,12.330408324854,0.473658233394555,1.14877842206928,0.585471932021484,-0.447532610522523,0.280694776729967,-0.904336108056281,-0.127262105429125,1.55766672240805,0.313696122965767,0.794360263052159
-0.672291435020119,1.1888105157874,0.855697632349293,0.9239407590379,-0.525687469238597,0.0231495631240948,0.206598952292224,-1.78489789781936,-1.07620559811085,0.904870785795562,-1.56274344163001,0.850374833139509
4.08409846531153,9.74259348362634,0.997907830623018,2.06349950557812,-0.200082427778277,2.94590863493519,0.379612594569638,-0.930899759429754,-0.562111808232731,1.78308893752544,-0.783000236081374,0.424235512026723
0.0292824951529502,2.31827750139285,1.49215552467097,-0.644346144182472,-0.814494562862486,-0.308590709988748,-0.827474812296774,-1.15063835702829,1.18732870832855,0.298294250771438,-0.626472040919412,-0.840990603913626
2.75894127684192,24.2383845703855,0.111038118105644,2.29913065333341,0.712635436684253,-1.16517311145131,1.04159146560339,1.12188616559831,-0.527279802735399,0.797675921861829,0.784774976505542,1.83366608649835
1.41175558894793,12.5012604356424,1.28635492182971,-2.84593102207566,1.26159047982102,-0.710577592522987,-0.503882863415977,-0.119768327184138,0.280892059916809,0.456895900438046,0.879671597930177,-0.731793166178494
-1.45219045614161,11.0123825947715,1.43061164688919,0.166082053515744,2.08619263473421,0.471109107311186,-0.00728340712244658,0.74656014770492,-2.238543601384,-0.594255163188899,0.390585635881583,0.385440335260457
-2.42372610772943,4.64088702709882,0.537826944209564,-0.630526000933925,0.0121751090895177,-0.255230763686128,1.78906744590871,0.513760037743886,-0.251083921051501,-0.0960424251721968,-0.741870109086247,0.770788096595
1.07968503155657,11.2783895648159,0.510149409720163,-2.17528467028933,-3.46420093728578,-1.24198397030221,0.584001611498588,-2.36376701393981,-0.879243188336203,0.149785056455253,0.924984209373725,-0.278598761039449
-0.494795364189774,-1.37613967173136,-1.24042543225798,1.65064705459756,0.027038743291551,1.6270070675159,0.49887617045232,1.03156425707658,-0.7718500953566,-0.899389043345009,-0.0262800343642971,0.473580648075836
-2.50951499704032,-0.106224245450832,-1.42915091909641,0.912347066533221,0.245767080624925,-0.541105544505017,-0.921007301814691,1.11159427512531,-0.560312143947666,1.21948708626056,-0.64979816267239,-1.08704747718456
3.62398211882774,26.1161364503057,0.17981552414713,2.67694668980818,0.283374911804304,0.854403459094852,-0.0407004268454085,0.279083997658755,0.69086041485868,0.0416168682705802,0.753354927524713,0.790703303715295
4.04603909958378,18.9836213113678,-0.45218850727277,2.18617599593735,-0.388072342262288,-0.778180472283779,1.78832434353453,-0.624528860445576,2.14698295948233,0.674476153131931,1.30216439252309,1.15110637904181
-2.42366436815811,-6.7490215742536,-0.737523576067166,-0.68774997002538,-0.769469147584265,-1.40333656077084,-1.46026006238884,0.865453280985674,-1.44861574364569,0.242942983112461,-0.232735891667967,-1.04257211401383
0.022195553270437,-5.06523267404592,-1.00204523714121,-0.31137585408274,-0.472339004802961,-1.88721477854538,0.0693789183953062,-0.554542699712249,-0.772615278957007,0.216068156933143,-1.19373911654514,-1.07229320922518
-1.78626273968598,0.0762068109631078,-1.05112223962435,0.46008843926405,1.36295731630895,-0.831830566900956,-0.249454496769364,2.20480276413944,-1.17583964695828,0.785365288012558,-0.972470527207344,-0.105187590238961
4.53633701715643,2.22699359451855,1.08752628826447,-0.666683329850596,2.10582507833596,0.730874382214316,-0.0873473475967789,0.382322327903635,-1.07801496397434,-0.167474772475378,-0.475847601254787,0.841503972729833
-1.92077823632446,-0.745098799203799,-0.329171573944717,-0.805121505625964,0.19644746265395,0.684722168675982,-0.350700004467407,0.226307715442463,1.08208904512299,0.0391486249294215,0.56272174834687,-1.03047280527273
1.46019149876062,5.68918541133506,0.327575343168571,0.259754319518622,-1.20645960226557,0.181256351124624,-0.261171132543522,-0.818286516854267,-0.208027404862128,-1.7690767614491,-1.10543708964827,1.27225484709595
-5.22403302015852,-12.5380979745578,-0.66371648143658,-1.4109146839961,-1.00475664810716,-0.69247024756112,-0.611432514989198,0.253153327970107,-2.11101349153079,-0.356497582761712,-3.13700217543363,-1.80083790469273
-1.65669089444722,4.40281022013305,-0.300108991575342,0.906635284010377,-0.86820477140615,0.69311318863493,-1.02146782961956,-1.57240397754638,0.787903639467093,1.52847936109368,0.569068767125207,-0.357809411765129
-3.23585888043588,-6.93741974268524,-2.13902243904048,-0.137364933580437,-0.31168767239885,-1.20823403007676,-1.89266663470659,-1.06085128170353,-1.98738773716605,0.840012174204274,0.365474111005423,-0.64292135755088
0.240101335122703,-1.20802507293735,-1.16458622692493,-1.04414334676823,-0.194499273626694,-0.432050838997502,-0.859421128067779,-0.605102362363737,-0.820533889967866,0.271539811698737,-1.56715584401179,-0.576513714804161
-1.06035813549314,2.03647268923532,0.0138847872924157,-0.717728626051475,-0.280372534321725,-0.335492702568395,-0.154409284100363,0.525269140750667,0.0161901126330394,0.535574943476103,-0.453955755834804,-0.853625987030779
1.34734790288464,1.0682690485618,-0.0351997353380769,-0.56703587533595,-1.09081218927497,-1.44533186755821,-0.421955918599886,-0.199355787852898,-0.478952249899047,-1.5181137763048,-0.835001856395163,-1.50929377388168
-2.5747481145447,-10.007934693967,1.53999706664276,-0.175630398922597,0.297413959562302,1.40408224250455,-0.992178724562565,-0.42744075447462,0.180176741376551,-0.81448116930233,1.168784024931,0.0482679540909018
3.74390694007525,1.53662834059164,1.68923498924859,0.576521212657262,0.347669370845616,-0.280315704645621,0.621983114149214,1.27001082278133,0.970358675163618,0.691891023478661,1.04079872017188,-0.796247743029949
2.60604620571569,7.92196790671966,1.62169920353657,0.442627743054222,1.67380897965611,-0.0209986144099166,1.36476246654707,0.375802423996961,1.58364053742269,1.35779428283609,1.94365101650034,-0.578016896872394
0.019385658479578,6.93634570792733,-0.0530658449403716,0.243617695038087,-0.375734966516508,-0.770387280133533,-1.37775560467643,-1.85964202064925,-1.52073782234759,0.972247309065033,-1.75284339578975,0.370312139831005
5.42007076627632,22.9756739123345,1.6786055980186,2.26406887595132,0.894349417112064,-0.16988973720117,0.0322174597653862,1.12996132868274,2.08021988349174,0.627931995169585,0.861102674882097,1.83820226773934
1.07739941721347,4.98174288022656,1.95317007569371,1.00789616338626,-0.187026928474019,1.5973600027383,1.87393384668594,0.873844679953033,0.0805169497286818,0.00752358384982309,-0.0110056271668693,-0.86740883216226
-1.13396317264727,4.33992678277751,-0.515460279641251,-1.23692292942214,-1.1467893360333,-0.623286318259377,0.187289916248745,-0.680209358321212,-3.1175226908507,-0.344850381089615,-0.302512598246356,-0.90939924956971
-6.61204282884775,-7.1568592096854,-0.443782092654283,-1.11761677611913,-1.8331074793802,-0.0555222736290663,-0.840272828083201,-0.0641019995085893,-0.344325924937612,0.672295102998787,0.119713890445145,-0.769141485865769
-4.00373138437055,-2.80834938883653,-2.28536306271101,0.494284841146339,-0.260794342819308,-0.196055659683404,0.197311131666845,-0.683402261342301,-0.00503444941296782,0.443743048722411,-0.228931051854714,-0.25314034742083
0.437358551792495,-2.09245577301362,1.09019676984483,1.43906992829078,0.617563550354752,-0.451382486303051,0.266606325439719,1.64557776784504,0.299802945460769,0.509263362259017,-0.306318457407714,1.1582468463302
-5.03213821697193,-4.70620821559864,-1.47919846750809,-2.76314427257497,-0.902017399940078,-2.61627211648835,-1.31512614006885,-1.38545635975193,-1.04986574607031,-0.687405251838386,-1.30966431797788,-0.544960533644692
3.75050178974782,1.33643928434172,0.867519160146825,0.47515406664338,1.33011589174727,0.0102629537771194,0.250561299665005,-1.0348125426277,1.20764993456805,2.2722591630186,-0.00580180489954191,0.172130023346311
-1.37048707406425,10.3466424983717,-0.68721759514328,1.36014783520528,0.516403529739649,1.80727682876842,-1.48342708790695,0.889959144323116,0.829147131844871,0.599724041748842,2.2778368309827,-0.75949317453863
-3.21502475923695,-4.77743296002084,0.450734988420444,-1.76978717372967,-1.22735162886258,-0.311731970210276,0.413503729952922,-0.027006771806759,-0.644691632419534,0.860521727082528,-0.346831320211491,-0.936960626494158
-1.09450049371171,7.7556554826534,-1.44506474328227,-1.13925772601627,0.725635155021335,0.163659971275014,1.81721692748506,-0.902781004822565,-0.377688816764394,0.194757414750489,0.471848933367095,-0.191868099220625
-1.24419407595982,-0.07928881033284,-0.983035089408609,1.38882020812201,0.277253511918492,-0.129950909390554,-1.23283294696489,0.922753349442703,-0.0599872060044046,1.4429412872823,0.0324436715905855,0.577660723477177
-2.37688368064023,1.26011840811301,-1.26301715615981,-1.33274199232868,1.86790995312413,0.840976748751232,1.82880345616707,1.14623989450722,0.633725917097112,2.50211652156087,0.703474439182958,-0.893777069518345
4.00658322978201,-3.79604295939689,0.771325465241319,0.5191849806763,0.54169059041399,1.13125977049256,0.943487017641294,0.404093339356587,1.63791815411047,0.437931294403462,0.727677269947239,-0.268870032787413
2.96457900658219,10.5237396125125,-1.12861404848695,0.509988035485728,1.93816153086449,0.282732807593526,0.677646322989592,-0.0777294965281574,-1.18435236448303,1.41200531795322,0.852145485420653,-0.135133494893438
3.91427360380657,9.91160566857915,2.2091345797985,-0.476813332846632,0.931060722831942,0.226861475051332,-0.091084068471584,1.02274123074357,-0.54760769902758,1.89736862041165,1.92272712488394,0.847172987441825
-0.932262825591388,0.613977700696519,0.544279936570945,-1.63461594489342,-0.151773689841789,-0.310015829947315,0.384070122756882,0.0369143298233841,-1.02011201433356,-0.0888013587240424,1.59329066666676,0.562863340490065
-5.36707801335194,-2.39410906892178,1.01517239046896,-1.97297571221878,-1.22891414076362,-0.41577821464922,-0.968645005128446,-0.525776342875609,0.0783022668013472,0.810086988320076,-0.487710262560795,0.83792934876832
1.62965035360353,3.46860832174976,0.812721933876841,0.478016101011282,1.47984420405278,1.84904027988211,2.09781094120908,-1.71450081856495,0.816016226039335,0.540960225393634,-1.02143352109141,2.84902392901303
3.76202610736442,-2.42240923071886,-0.394917419590645,1.27227220224499,-1.74873110381028,0.595582110215541,-0.472889360677245,-0.83890528054092,-1.26511189964807,0.198287746513479,-1.78602487025733,-0.0555028310655872
1.03594004125613,-0.190606539028535,0.735214015824653,0.869429390765346,-1.62377005050553,0.709482894351176,-2.05960711781023,-2.06408121554262,-0.28118054165316,-1.19856002855652,0.644470542041262,-0.472654003271857
1.2702098466384,-3.22265345943782,0.856578652695304,-0.511968595810037,-0.340179602904783,-0.655816508498786,-0.0766411264242626,0.625308270633133,-0.0316078261181494,0.0598372508410936,-0.0161521092993978,-0.643242178398506
2.56865739256838,15.9953997774885,0.751790084964142,1.57483254664664,-0.163034773945435,1.69911021078989,-0.162114561678498,0.445363823473372,0.756226960265281,2.51980527781513,0.781010126797257,0.365690368760698
0.383214481770574,-2.12121886782272,-0.801239651464083,-0.0873916153306637,-0.674086522924414,-0.808627681830794,0.121466321387311,-1.00696959089034,1.28932314625477,0.00558387059906792,-0.67309934777905,-0.266807975622715
0.658917701767673,-2.78233237359389,-1.03343885041305,-1.2799734625161,-0.641029887849126,0.84491539903136,1.21797477670946,-1.56952003424613,0.395316229947011,-0.719205457015199,0.52381793481568,1.22780732258881
-2.1423745993497,2.8985574390939,0.162614302512082,-1.26868527775669,0.890646648965074,1.44262255951306,0.921924880746407,0.0806476938323272,0.996504260094881,-0.211880270412606,1.13516349477033,0.118027961767969
-1.20038290734064,-6.53134740591963,0.206088823595527,-1.10177890323551,0.931243248500259,-0.480977086538934,0.580163558703003,-0.112454703607013,0.00610863077968627,1.07641572092149,-0.947738509027099,0.417714645333886
-2.29349506200674,-1.77825334433805,0.583195624593888,-2.23007641538856,0.228774121420836,-0.0439345210522824,1.22389771398455,-0.87749504829247,0.7679979822101,0.296658726612395,1.15004518240923,0.228821351631297
-3.20133505426724,0.887129381959363,-0.130094661997783,-0.405216031545346,-1.03796247622168,-0.966489396599494,-0.129073263201001,-1.24925335270955,-1.44172564848736,-1.40659010117124,-0.308768205992858,-1.9169242145235
-1.78879279267825,8.69651794898575,0.221857143729219,0.298064307341493,1.79544725674907,-1.12800252727217,-1.15859618510512,-0.241924379738371,-0.521538792044654,1.25515507964273,0.696946446206459,0.604449633723356
-1.84870164800368,-7.71332250604378,0.120942092162594,-0.297906580897285,0.715172587330655,0.0915635839042821,-0.614980130386154,-0.732951549782763,-0.37014801650111,1.51322426586561,-1.34935556998984,0.565823277666487
0.942138409624943,10.0731905203548,-0.0842676086741267,0.885729373668053,-0.620365054922162,0.745252840984257,0.243516424796257,0.106467496925401,0.83984724757712,-0.20640998853989,1.41505043252123,0.11767025118998
1.96425143211906,2.58415286568776,1.18355102758209,0.676040849322175,-0.148598507349591,-0.792140012388808,-0.482879685884596,0.294464050931304,0.623743610076863,-0.0141985079741406,1.14397806028307,0.0963795972499385
4.5058909507211,1.52481100284066,-0.317813020275794,0.284376266373052,0.576866459362462,-0.342801535787969,-0.835137288307174,-3.36709216174473,1.40025655657759,0.793683622406779,1.10000538888557,-0.896469854340418
-1.95530568177563,10.2375800348584,-0.271973815814264,0.632870726463527,0.715131812243013,0.211296771891052,0.217825554754215,0.945047035439434,-0.411315150673041,-0.499661302880267,-0.214369142634618,-0.044446329433717
1.8299424798868,0.342282777049392,0.792131164801975,0.01122975446082,1.38940626702827,-0.141945458484579,-0.382084146716273,1.26617198053388,0.692005307298378,-0.57567616073683,-1.11023443355973,0.60809016097803
1.92959474596007,13.2378381506009,0.293907492619432,1.48675890728382,1.75894405816602,0.267748649833954,0.0719663342178476,1.41936085993406,0.717304485940293,-0.376192393295974,-0.434466948335347,0.0427960104855915
-0.351396819539224,-6.19804232280798,0.821251593587919,-0.0752284611501461,-0.113970329467156,0.130586962603664,1.98409749794505,-1.38274557752147,-0.336399157676853,0.361339787410849,-0.440718106787787,0.536841444937863
-2.05610533253186,-1.73497129152588,0.557418951914424,-0.886204255661843,-0.461562481979841,0.82713141739476,-0.164856944446781,-1.31539934128843,-0.982647352407449,0.685973109747252,-1.00704329874968,-0.602422741105041
1.5866740863797,-0.855787182809319,1.05281431530724,-0.0645062455499507,0.0660171915181082,2.14816245345749,1.61398801664519,1.3724306585451,0.479790362726631,1.44171295063433,-0.867764286325451,-0.682143403439588
-1.50269549716784,3.52122700535692,0.405184614870158,-0.405987057932925,-0.720862236872987,-0.412335975919761,-0.919172053356194,-1.48566106101428,-3.22520191287479,-0.435991991910576,-2.38430652565972,0.248461678328223
0.58133934634636,-8.90562280373219,1.02446722576735,-1.03780536277384,-0.728715164965231,0.811339725769952,-1.47725090527055,0.35762042083875,0.890767481293841,1.09989774268541,-0.84910025688828,0.0340812837959744
-0.545607889722043,-12.2646208015704,0.477837050209333,-0.627474407949486,-1.6754398367316,-0.891830421573704,-0.0296035767510925,-0.6744003094606,1.38282427975278,0.475609101783515,-1.0085145861146,1.51311294244525
-2.70441648367673,-2.06580646098452,-1.17155259823786,-0.830108847994722,-1.39501445578554,-1.18230419858856,0.946539143818806,0.212663758878836,-2.26838219173161,-0.805179725848069,-0.170333229484931,-0.465001770421954
0.784718669882852,-2.18149884613335,0.568859024867409,-0.71101580231199,-0.258345068433069,-0.326452251141396,0.420145769469126,0.618874442911979,0.278619329431583,-0.338944968748377,-0.0610900473045264,-0.381533384022185
-0.47273692916586,0.899933462719292,-2.29803237851073,0.271737818532367,-0.706729897139117,0.312880292547915,0.448196188748942,0.637656018079964,-0.881169070703524,-0.9913011609098,-0.122833022042462,-1.03367800315568
-1.03410831246753,1.03186542367117,0.0914334051032389,-0.0562223485331313,1.18326218552866,1.66264993249445,1.48480562847788,1.8873257255422,1.76934491208882,0.980973143266718,-0.373727100951645,0.379847084381609
-2.60800071920815,5.10536816438054,-0.373444694805541,-1.13646880370364,1.11709369128467,-0.0660598433121596,0.189230263569729,-0.363151824597955,-0.477404005841351,-1.33447610795183,-0.82674768836049,0.726480006006196
-3.26258917562291,-0.606363797335413,-1.00263383731953,-1.98105082881604,-0.170884002111413,-2.57893238049354,-1.07048095357429,-1.12809183299783,-1.85616677222855,-0.597380574294634,-2.13894591032436,-0.617144717698842
-2.19708682447857,-5.89119911069663,-0.164985250604798,-0.24036217428532,-1.29551487487044,-0.481281026250518,-1.07182830635578,-1.24169852915543,0.250225444164157,-0.517389939325795,0.761869853871228,1.87714091899594
3.06831790254862,2.61164506158018,1.45921410825994,0.94471438521951,1.17270582913019,-0.60925812286624,0.362309850206982,-0.495363807808404,0.485235588563275,-0.702556451123257,-1.86740969309106,-1.88820224972125
6.17744614731521,1.77517969677909,2.00743477213932,1.1335148456222,0.631030832028737,-0.217080464602557,1.23957431589613,2.60694299443811,0.787603303304123,1.40250046489826,-0.643278338177631,0.659603950870824
-1.44772254884913,6.74439940473864,-0.818734957202471,0.152369086597234,1.19791047002919,0.0188399477203018,0.78371591490114,0.239776706736283,-0.957913019278875,0.261183724466225,1.8181455563387,2.12917812371909
-0.78241223784142,0.471400524419534,0.0857355767194972,0.75973680717178,0.683123147805692,0.754313305182993,0.437868755841408,-0.867449828587047,-0.705837044924959,-0.160524648155097,0.417417561251732,-1.14486352205254
-1.91207463390943,1.34437200406018,0.744547532948093,0.481406056994889,-1.04324117477656,-1.81674250780953,0.514432077757012,1.223375626728,0.550331992469056,-0.646409072055295,0.38814743025267,1.74926093333182
-3.194002644947,-5.67303503709343,-0.78819703248623,-0.307313923311677,-1.78195225085697,-0.0883146409740018,-1.08592139415495,-0.389542975833843,-0.0206641696141474,-0.638515119303807,-0.633573648716849,-0.247423092061248
-3.46030241665511,-6.82082007509923,-0.133525204161461,-0.573129462292569,-1.5178293923892,-1.32987624714976,-0.565383002091147,-1.03928135983239,1.66175106228159,0.915810434245764,-0.914515978065673,-0.819054634435559
-0.681686173912647,1.15080169037177,0.0632575706159226,-0.124967530219406,-0.512554312979467,0.251182647094444,-0.581951765128807,0.325724365733867,-0.621059127019447,0.121287314346584,-0.165603105506282,0.840320440642738
-3.85498418157193,0.317864498197292,-2.2996200099871,-0.276054794423964,0.103976032172714,0.303524136204109,1.1385213411324,-1.23097303952332,-1.53781478044251,-0.904399445657815,-1.19072658226511,-1.7989407782607
1.69103888486222,-3.89917820023137,0.651830757891265,-0.154406064047412,-0.383519866435553,-0.669836927135902,0.133064650178561,0.431390002849962,-1.12329645206726,1.15569018671558,-1.47276029165193,-0.547818690294105
-0.819882794142993,7.10972517474751,1.10800569702874,0.0782724206632566,-0.269994183928464,0.0215514564702485,-1.90172230632728,-0.303651494128893,0.377553652416332,0.646752163531197,0.206628055636907,0.940943797785218
5.02485445379491,17.6477531591744,-0.944259062523176,1.89200035487211,-0.769839185841411,1.29035562194386,1.48469158138691,-1.51274071773341,-0.509969161212299,0.269822463032773,0.310086528307956,1.14731198854052
-6.3332712092248,-12.7624474578276,-1.26696329188602,0.039875113376044,-0.302609783538165,-0.296328544830373,0.692222368916638,-0.612513660191888,-0.376393315147979,0.208667792447206,-0.864764757366738,-0.0972405811317645
4.00361932906086,18.1713051737438,0.433528473857063,1.58459348779544,0.0624221968327891,0.175094682458966,0.0572830664079328,0.201427789667167,-0.623593685279807,0.531943819381628,-0.466016756679729,0.716509984310873
-4.56176812781778,-7.69064684266335,-0.00137485164302753,-0.995235582066359,-0.915287269741666,-0.376385203071641,-0.939451760116926,0.253492755444101,-0.0813337876553852,-0.141540998457201,-1.0106206030696,0.0444053176767554
1.82913335368323,2.45534954182151,-0.184831049473867,-1.03612366032935,0.936181331913038,0.948920699166176,-0.615496382898553,-0.156052548007293,-0.328599276718869,0.0297971175576128,-0.0112825781711868,-1.17498820077699
-3.70561230266889,-0.93608436077621,-0.555690450950627,-1.04035208443811,-0.747174119082225,-1.25818214397301,-1.24624199189803,-1.2341833085266,-1.43767362255851,0.606232354690788,-0.0524848976152312,0.032697026221515
-3.42408894642045,-12.0913955365685,-0.332123626713897,-1.07787579262373,0.280419883492519,-1.24734792661851,-1.41409006314842,-0.353190836025143,-0.256913485961375,0.733211421669897,-0.40597090454403,-0.151033058518683
-2.84169150790988,2.99301860297272,-1.44892252702518,-0.575153918313465,-0.133345693932389,-0.79700736605981,1.09384815554691,-0.615352985314618,1.06549643511503,-0.704608932484297,-0.678099751518933,-1.70918365271601
2.01061469286839,0.26844192170213,1.0276037679454,0.153736704636792,-0.617775218819037,0.256855311778666,0.589447426062956,-0.311276984841006,-1.05229149008824,0.625631234734904,0.957708125933087,0.717502188922031
0.32105845516803,0.902569950239627,0.594468343082288,-0.810174034548305,1.34446593110986,0.0424263488118481,0.572024339599469,-0.347796391823437,-1.0640218984052,0.379636614090735,0.553836484783456,1.09924422343659
-2.75463340953514,5.21430646671721,-0.433866137050308,-0.0156911874007122,0.569577693850699,0.0593683572210469,0.744744834765139,-1.06990268987341,-1.57705210000859,-1.30575202700465,0.00897159022360892,2.94919800183114
